#,6
##,1
##xml,1
#__jshopping_categories,1
#__jshopping_products,1
#__virtuemart_products_,1
#ecto,1
#hibernate,2
#local,1
#os,1
#spring,11
@_logdb,1
@_sitedb,1
@asadb_name_in,1
@bob,1
@cartitem,1
@causeofcancellation,1
@chosendatabase,1
@database,7
@database_name,1
@database_to,1
@databasename,5
@databaseto,1
@db,3
@db_name,4
@db_onserver1,1
@db_source,1
@db_target,1
@dbenv,44
@dbname,63
@dbname1,2
@dbs,1
@deb,1
@firstnamebilling,1
@from_db,1
@full_name,2
@hrmsdatabase,1
@linkeddb,1
@mempresa,4
@model,1
@my_database_name,4
@name,3
@nameofdb,23
@ods_dbname,1
@orderid,1
@p2,1
@p4,1
@publication,1
@serv,1
@server,1
@shopname,1
@someotherdatabase,2
@source_db,3
@source_db_name_in,1
@sourcedatabase,4
@sourcedb,10
@target_db,1
@targetdatabase,2
@team,1
@test,3
@test_table,1
@tr_database,14
@value,1
@xml,1
@xx,1
_,1
___,2
__sourcedb__,1
__sourceinst__,1
_data_msft,1
_dbmgt,14
_globaldb,1
_hmaiserver,1
_internal,1
_katalogi,1
_model,1
_reporting,1
_settings,1
_testdb,1
_utility,1
a,54
a001,6
a1,7
a1warehouse,18
a2,1
a2943_short,4
a2_al,1
a2almdb,2
a3,1
a_databse,2
a_db,8
a_dw,1
a_id_city_id,1
a_sys,1
aa,6
aaa,4
aaaa2_tttt_a,1
aaaa_dev,1
aad,4
aad_master,7
aadserver,1
aaes_pam_dev,22
aaes_tran,1
aaf,4
aapp,1
aats_ny,2
ab,1
ab_colors,1
ab_dcu_ip_2018,2
ab_warehouse,1
abacus,1
abb_mdb2_test,6
abc,14
abc123etl,1
abc_final,3
abc_labs_mscrm,23
abc_migration,1
abcd,19
abcfiles,14
abcrewards,1
abcsql,2
abcsystem,1
abcu_dwh,5
abel,1
abi,4
abi_rio,11
aca,7
acc,12
accdocuments,1
accesdata,1
access,9
access_pyme,7
accesscard,2
accesscontrol,11
accessdatamigration_1,30
accessmaster1,1
acchelper,1
account,1
accountaccess,1
accounting,5
accountingdata,4
accountmate,1
accounts,5
accpacau,1
acctdb,1
aceproject,22
acero,4
acmkims,35
acon,1
acp_main_stable_db_content,1
acqdata,1
acrm,11
act2015demo,3
act_dw,1
action,14
active_system,1
activesheet,1
activetrackarchivedb,2
activetrackdb,4
activities,2
activityhistory,1
actsql,5
actual_dwh,3
actuarial,8
acuerdateweb,1
acvscore,7
adas,11
adatabase,5
adatabasecx,1
adatabaserh,1
adatatracker,1
adb,7
adb_testdb,29
adc,1
addcontact,1
added,1
addlocation,1
addorganisation,1
addpro,1
adeffx_system,1
adept,4
adhoc,7
adi_user_maintained,7
adifferentdatabase,4
adladb,1
adm,14
admanager,6
admin,17
admin_systems_1099process_db,8
admindb,3
adminhotsite,2
admininventory,3
administration,2
adminmaster,2
admir,2
admiral_dev,1
adogescam,7
ads,1
ads_cate,1
adv,1
adventdw,3
adventureworks,62
adventureworks2008,13
adventureworks2008r2,26
adventureworks2012,19
adventureworks2014,57
adventureworks2016,4
adventureworks2016ctp3,2
adventureworks2017,53
adventureworks2019,41
adventureworks_test,1
adventureworksdb,16
adventureworksdw,3
adventureworksdw2008r2,3
adventureworksdw2012,14
adventureworksdw2014,6
adventureworksdw2016ctp3,3
adventureworksdw2017,4
adventureworkslt2008,7
adventureworkslt2012,35
adventureworkslt2017,10
adventureworksold,1
advprodapp,1
ae,1
aedb,6
afccinc_com,4
affecanalytique,2
affiliates,1
afs,1
ag,3
agda_manual,1
ageing,18
ageing_old,2
agencysalesagreementu01,1
agentallocator,1
agentfare,1
agents,1
agentstatisticseod,2
aggregation,4
ags_datamart,13
ahsrelate,19
ai_datamart,8
aics_query_demo,2
aide,1
aidsdb,6
aims,2
aip,1
airb,16
airconnect,1
airexposure_london,8
airgaspricing,2
airportflights,1
airproject,11
airreference,5
airtest,1
aja,1
ajm,1
akron,4
alarm,1
albums,1
alchemy,9
ald,1
alert,1
alerts,1
alexander,1
alfabase,2
alfresco,2
alias_dat,1
all,1
all_erms_s1_s2_2014,1
allen,1
allhoursproduction,2
alllarm,11
allmachines,1
allocation,3
allsamples,1
alluserdata,2
alops,19
alpha,2
alphadb,1
alplaprod_eslef1,24
alpsmaster,1
altdb,28
am_logs,1
amamdbecugroupage,2
amas,13
amazon,4
amazondatabase,1
amcathdsql,2
amdata,5
amexeod,1
amf_article,1
amg,4
ami_galaxy,2
ami_stage,33
ami_static,3
amicus,20
aminer,5
amisys,23
amp,11
ams,14
amsneve2018cu23_live,1
amtplus,91
amvno,5
an_main,3
anadev,1
anagrafica,1
analiz,13
analysis,1
analysisdatabase,1
analyst_db,4
analystestimates,1
analytics,95
analytics_jgn,1
analyticsv2p7,1
anatoli,1
and,17
andriodappdb,1
android,39
androidx,2
angelsql,2
angliaregistrars,3
animal,14
animalproductscosd,4
anodes_compass,8
another_db,1
another_host,1
anotherdb,7
anotherserver,1
anr_payroll,4
ans,1
ansac,14
answers,1
aocjobs_migration,1
aodr2qpnlsfwpr,1
aoe_workflow,9
ap,14
ap_gdc2_preparation_test,4
ap_gdc2_staging_test,4
apac_e,1
apartment_types,1
apcore,5
apdev,5
api3,10
apia_repl_pub,8
apia_repl_sub,2
apihealthcare_history_live,25
apl4_waterplant,7
apmgmee,1
apmrs_rg2,3
apollo,2
app,23
app_db_commercial,2
app_db_mirroir,4
app_events_20170116,1
appdb,4
applefinal,5
application,1
application_db,5
applicationaccesslog,5
applicationdb,10
applog,1
apportmm,1
appraisal,3
appresource,10
apprise,1
appsdata,1
appsdatabase,1
appsec,4
aprdesktop,3
apt2016_pfdata,2
apt2016_webdata,8
aptify,9
apxfirm,30
aqr_inf_2017t2,1
aqua_intranet,1
ar,14
arabicarchive,12
arac_takip,1
aras,1
arborg_test_app,1
arc,1
arc_db,18
arcdev,1
archive,4
archive190404132717,2
archive_database,2
archivedb,2
archiver,1
arcocerame,1
arctimeseries,1
arcusym000,17
ardb,1
ardsqldev,1
are,8
arend,2
ark,6
arkadaswebsite,4
arp_register,1
arrow,1
art,6
art_nhfc,2
arthur,5
articles,1
artilux,2
artistshare,1
as,2
asahenquiry,12
asap,47
ascomspc,3
asctrac,14
asdf6,3
asdim,16
asdm,11
aseguradoras,1
ashcourt_weighsoft5,30
askqty2,1
askus7,6
asm,1
asmpredictiveanalytics,2
asn01,2
aso,1
aspdotnetpractice,1
aspersao,8
aspnetdb,2
aspnetservicesdb,7
aspsecurity2,1
aspstate,4
asr,5
assentor,15
assess,2
assessorlog2018q402,1
assets,17
assets_gmsc_dev,4
assetsandfuel,4
assignment5,1
assignmentmanagement,3
assupol,2
ast,1
astro,1
astro_auburn,1
astro_stage,1
at,4
at_bi_datastore,12
atable,1
atbi,1
atc_config,1
atlantisproductionsystem_prod_us,3
atmsoftware,1
atrax,11
ats,1
attachments,1
attdata,1
attendance,10
attendancecorrection,1
attendancedb,1
attivogroup_copy,7
attribute_2,1
atum2_db_account,2
auction,5
auctionsite,1
audb_sun,5
audienceprojections,5
audit,11
audit_db,1
auditdb,1
auditlogons,1
auditreporterdb,1
audits,1
audittestdatabase,2
audiv2,2
aug_bi_dw,24
auroracore,20
aurorafileserver,5
austria,9
autdatawarehouse,8
authentication,1
authmanager2,1
auths,1
authx,2
auto,22
autodata,2
autodataimportstaging,2
autodb_sample,2
autofie2,1
autofinancesoftware,1
automation,3
autotalk_identicar_old,1
av3112jm1,29
ava_dwh,1
availability_outages,2
available,1
avanti,8
avdata,9
avimark_oltp,7
aviva_guidewire_dev_v3,1
avril,6
avsales,1
aw,1
awh_prjpathfinder,2
awsdatacatalog,13
awx,6
ax2009_1_copy,7
ax2009live,1
ax2012_prod,1
ax2cprodstage,6
ax2ctest,11
ax2cteststage,21
ax_2c_prod_dw,1
axdb13_r1,5
axdynamics,10
axiomdata,2
axis_accumulation,6
axiscore,13
axlivesales,12
axprod,8
axs,16
azure_test,4
b,54
b00bf4cr,60
b2017,1
b2bempowerdb_refactor_training,69
b2bsetups,4
b_dba,1
ba,3
baanitems,1
baas_powerbi,1
bab,1
babycare,14
bac,4
back_cdm_clean_bolten,6
backend,7
backend_db,4
backup,34
backup2,1
backup_movment,1
backupdb,8
backupstat,1
bakman,1
baldb,1
bamba,8
bamboo_version6,1
bamprimaryimport,1
ban_info,1
bank,2
bankingservicesreconciliations,5
banss,7
barcode,10
bardb,1
bartar_mscrm,30
base,4
base100,5
baseball,1
basecampdev,1
basename,1
basesr,7
basic,1
batch,2
batches,1
batchhistoryex,2
baterikudatawarehouse,3
baza,1
bazazarzadzanie,39
bazazaweb,3
baznestanice,1
bb,3
bb_provision,3
bbb,1
bbc,1
bblearn,14
bblearn_cms_doc,10
bc_brt_diamond,1
bccdw,1
bcd,4
bcg_ekodu,1
bci_ri_ods,1
bci_rif_ods,8
bcm2010,1
bcmtest01,11
bctable,1
bcw_treat,1
bd,7
bd1,3
bd2,7
bd_,1
bd_3,2
bd_disponibilite,1
bd_rentaequipos,1
bd_sonel_ptg,1
bd_teste2,1
bd_workflow,2
bdb,8
bdc,2
bdd,1
bdid,8
bdid_bi,4
bdminiplus,11
bdw_reportprototype,1
be_crm4_mscrm,2
bed,6
befe_sistemagestionmdp,1
begin,3
behzad,1
below,2
benefitfocus_dba,1
bensalem,6
bep_dev,1
berkeley,2
bervsdb,6
besc,1
bfdb,4
bfs_dm,1
bfs_odi_work,5
bgd_e4se,12
bgtest,1
bh_edw,1
bharath,1
bhdev,5
bi,32
bi_db,2
bi_edw,105
bi_en,3
bi_planning,5
bi_sandbox,1
bi_staging,2
bi_views,14
bidata,2
bidev,1
bidw_datalake,10
bigdata,2
bigdatabase,7
bigemasterdata,17
bigemerchandiser,38
bigesales,19
bigesentdata,9
bigeusers,7
bikestore,7
bikestores,1
bill_database,2
billing,56
billingandpayments,1
billingreferencedata,11
billy,2
biml,4
bingmapsplatform_stagging,3
biometrics,16
bios_pawn,4
biostar,6
biotime_production,3
birdbrain,1
bireport,10
bis,1
bisamdw,2
bisandpit_customerrem,2
bit_dashboard,1
bit_v3,2
bitacoratrabajo,2
bitflow,1
bits,6
biztalkmgmtdb,3
biztalkmsgboxdb,3
bizview_dev2,1
bl4,1
blah,7
blahdbname,2
blank_ods,3
bld,1
bldb,1
bleckbase1,3
blend,1
blog,2
blokdb,1
blueprismprocesses,3
bluscreen,2
bmanalytics,7
bmpersist,11
bmr_dwh,3
bmr_stage,29
board,1
bocss2,49
boeafspdev1,2
bogdan,1
bokningar,1
bonddata,3
bondfm,3
bonitasoft_jsontest,1
book,1
bookings,1
books,3
borgun,5
boringmdb,16
bos_primary_db,1
bos_primary_db2,1
boss,19
bosstest,8
bounce,1
box,1
boztickets,1
bpmain1,4
bps,21
brac_powersuite,4
brad,1
brain,1
brakerh,1
brdata,4
breakdowns_kohl,7
breinigsville,15
bridge,2
bridge_test,11
briefs,1
brierton,1
brisk_ais,2
britannia_mmx_2021,8
brokermate_config,1
browser,1
brsdata,7
bs,1
bs_reporting,1
bsara_dw_db,1
bsdb_processo,9
bsdw_2,2
bsit_era_raw_data,14
bsl,1
bstplanning,21
bt,8
btp_nya,3
bts_server,1
btsone,1
budget,3
budget_fy2014,4
budgetprocedures,2
budgets,19
bugs,1
build,7
bums,5
bushland_dev,56
business,5
business1,1
business2,1
businessdate,2
businesslistings,1
busoprtn,7
buyer,1
buyerhero_staging,1
buyerworksheetcentralrepository,1
bvsfwarehouse,1
bwbfiles,1
bwdw,12
byintegration,1
byte,16
c,37
c100,3
c1datastore,1
c3_corerex_default,4
c3d_aug,1
c3secondarytest,2
c4,1
c5,8
cabdat,17
cactus,4
cadc,2
caddata,26
cafe,1
cal,6
cal_commops,3
cal_reg,25
cal_remreporting,1
calendar,8
calil,2
callanalysisdatabase,2
callcenter,2
calypsoprint_live,2
cam_ca,21
campagne,1
campaignmodule,1
campusmap,1
cams_enterprise,8
cams_global,7
camss,1
canadaco,8
capstone0480,1
capturafaifap,6
carb,3
cardata,1
cardb,5
carddb,1
cards,7
cardw,1
carekey,1
caremanagement,1
carescope_live,9
cargo_ver_3_0_33,1
cargodb,5
carreport,9
cars,6
cars2,1
carstech,1
carusers,2
cas,11
case,4
case_11268,2
casemgmt4,1
cases,2
cash,7
cashbox,1
cashflow,2
cashgame,1
cashier,3
casimir,3
casino_game,8
casinohr,6
catalog,9
catalog_a,1
catalog_b,1
cataloga,1
catalogb,1
catx,7
cbis799p,2
cbp,1
cbretaildb,2
cbs,4
cc,1
cc_note_log,5
cca,1
ccavenue,1
ccc,1
ccc_escheatment,1
cccmprepository,1
ccct,12
ccftcentral,2
ccftevent,2
cch_public,22
cchelper,1
cchmergeintermediate,3
ccm,1
ccmain,1
ccmast_restore_20201021,3
ccmdb,3
ccp_sim_mscrm,2
ccr,4
ccrauction,4
ccvt,1
cdata,3
cdatagooglebigquery,1
cdatasalesforce,4
cdatdupl,4
cdb,32
cdb2020,9
cdb_ods,1
cdev,11
cdms,4
cdr_week_43,1
cdrdb,1
cdrnormal,3
cdrs,15
cds,14
cdw_cna,19
cdwwork,1
ce,1
cebi1,3
cegsalesforce,1
celcat200809,6
cem_farmers_masterinvitelist,1
cemail,1
cemexdb_cp_test,7
cemextenant,1
cen,4
cenea,1
census,1
censusdata,6
centaur3main,1
center,1
centernetdb,8
centerpoint_reporting_prod,14
central2,1
centraldb,1
centraldb_us_33,3
centralfinance,1
centralops,1
centralq3,3
centralrepository,4
centralserver,2
centricityps,36
cepp,1
ceprekyba,1
cestino,4
cg_trackign,1
cgidb,16
cgpaccounts,2
cha2,1
chag,3
champ_dw,23
changelog,1
changelogdb,1
changeset,1
channel,2
channel_steering,1
channelbooking,1
char_test1,1
character,7
chargesdashboard,1
charles_db,2
chds_common,24
chds_management,8
chds_sandbox,11
chds_staging,1
check,6
checksdb,8
chefodine,5
chemicals,3
cherwell,1
chile,4
chilecsvimports,2
chr,8
chrisbflprod,7
churchwatch,3
chx,1
ci_temp,1
cia_wiz,6
cibil,5
cider,1
cil,1
cimsdb,1
cimshr6_merged,3
cinema_no_keys,14
cipc,6
cir,1
cis,4
cisprod,21
cisreportingdb,1
citi_v823_21nov2013,3
citopia_test,7
citratestlogging,2
citrixxenappmonitoring,15
cityworks,4
claimloads,1
claims,27
clarity,20
claro,1
class,2
classroom,8
clause,1
cleanroom,3
cleardata_test,1
clex,1
clg_strategy,1
clickcommerce,5
client,33
client_db,5
client_maxam,1
client_projectmanager,2
clientdatabase,3
clientdb,2
clientdw,6
clientes,1
clientlist,4
clientportal,1
clientrc,1
clients,9
clients_documents,3
clients_history,3
clients_records,3
clienttracker,5
clinic,1
clinicalguidancev2,1
clothingobservationid,1
cloths_db,2
cloud,1
cloud_search,2
cloudberrylab,1
club,1
clubeatc,21
cluster,2
clusteranalysis,1
cm_c08,6
cm_cas,6
cm_uoc,1
cmdb,1
cmdb_core,2
cmhr,1
cmi_industry_workload,1
cmla,3
cmm,10
cmo,13
cms,29
cms2000,1
cms_db_test,1
cms_ech,8
cms_mvc_preprod,8
cms_production,7
cms_wa,5
cmscustom,1
cmssmsdb,4
cmssystemprocess,8
cmstime,13
cnc,1
cnis_commissions,2
cnkronos,21
cntd_accounts,1
cnx,1
co_sb,1
cobrademodata,2
cods_edw,9
coffeeanalytics,1
coffeewarehouse,1
cog,2
cohort,7
coi_port,1
coinmarketcap,3
col,2
col1,4
col2,14
col3,4
col4,4
col5,1
col_2,2
col_a,1
cola,2
coll18_production,1
coll18_test2,3
collaborationdb,18
collage,1
collectionsdelete,2
collectionsoperationscontrol,2
collectorspatialdata,4
collider,1
collive,7
collnab,2
coloma,1
colorepo,1
colorepostage,1
column1,2
column2,7
column23,1
column3,1
column6,1
com,117
com_tab,1
combined,3
comed,1
comednf_il,3
comm,19
comm4,19
commapp,6
commclient,1
commdb,7
comment,2
commerce,8
commissions,6
committee,3
common,39
common_estat,3
common_information,15
commopsdb,2
communicatorv4datawarehouse,1
comp1,14
comp_cust,8
companiesdb,1
company,66
company55,1
company_brk,2
companydat,2
companydata,2
companymes,1
companyr,16
companyusa,7
compass_reporting,2
compensation,6
compiler,1
complainsdb,1
completed,1
complexsubquery1,1
compliance,1
compliancedemo,1
components,2
comprobantes,1
compudata,3
comtecdefault,58
con,2
concertdev,1
cond3,1
config,3
configuratie,6
configurationmanager_002,4
conflux,2
connect,14
connectapi,1
connectcalldata_26391,1
connection,2
connection1,3
connection2,3
connector,4
conserva_pg,1
consoleapplication2,1
consolidated_lob,1
constraint,1
constructiondb,13
consultadwh,7
consultaindicadores,1
contact,2
contact_db,4
contact_management,7
contactscontract,3
container,1
content,10
contentatabase,3
contentdatabase,15
contoso,1
contosoretaildw,6
contosouniversity1,1
contr,1
control,5
conv,7
cooltunes,2
copelanddatabase,3
copia,23
cops_umts_huawei,12
core,17
coreanalytics,1
corebanker1,7
corereferencestaging,14
corp01,4
corp_modelling,1
corpapps,1
corpdb1,2
corpdb_gs,6
corporate,1
corporatifs_aq,1
correct,2
cos,1
cosauthnew,1
cosmocallv6,9
cosmos,5
costcentrecode,1
costrpt,1
costtoserve_mcb,3
coswin,1
cotemp,1
countries,1
couponmanagement,1
courcemcpd,2
courierdev,5
coursedb,1
cp,1
cp_data,10
cpamtestaugustteststeve,18
cpdata,1
cpm,1
cpocms,10
cpr,2
cprsql,2
cpsdata,2
cpsisql,10
cpsother,2
cpsql,16
cpu,1
cqm,1
cr_pit_01,2
crc,1
crcdata,2
crdmpointofsale,3
crdx_coredev1,4
creating,1
creative,2
credit,1
creditsense,18
crep,23
cresql,6
criacc_bd,11
cris_ocean_tmp,2
crm,30
crm4_mscrm,3
crm_embrace_integration,5
crm_mbt_group,4
crm_mscrm,4
crm_new,1
crm_rc,1
crm_rsd,11
crm_staging,20
crm_test,1
crm_vnb,2
crm_wifo_gmbh,2
crmintegration,1
crmlive,4
crmlivewarwick,5
crmreferences,2
crmtestext_mscrm,4
cronusdb,1
crossapplydemo,2
crown2017,8
crp,1
crrsql,4
crs,7
cruise,1
crwdb,1
crwec,8
crx_data,11
crypto,1
csa,4
csaresults,1
csart,1
csb10020_profileapplctn,1
csbi_db,3
csdb,4
cse,3
cseventdb2,5
csi_erecording,1
csn_order,4
csn_report,7
csr_prod,5
csr_staging,3
cst_abc,1
csta_03,12
cstm,1
cte,1
ctl,1
ctms,1
ctn,1
ctrl,2
ctx,3
cubing,10
cubs,2
cudatabase,1
curinghistorydata,5
current_user,1
currentarchive,3
currentdb,1
cust_info,1
custdata,1
custdiscounttables,1
custody,1
custodydb,2
custom,12
customer,43
customer_07_2019,3
customerbase,1
customerdata,1
customerdatabase,2
customerdatabasev2,1
customerid,1
customermanagement,6
customermanagementdb,1
customermanagementsystem,3
customerone,1
customerportal,17
customerrelationshipindexdb,1
customers,21
customerserviceorderentry,1
customertracking,1
customertransactions,3
cvbat_mart,6
cvd,11
cvdb,1
cvkomnzp,11
cvl,25
cvsuat,1
cvti101639,2
cw_stagingarea,1
cwfm,2
cwot,2
cxdb,2
cxe,2
cxgen,10
cyberoam,1
cycle,1
czech,2
d,25
d061_15018659,1
d1,8
d2,6
d3reporting,1
d716uipath,18
d7d7,1
d_exp_cpm,2
d_projekte,1
d_r1,6
d_user,1
da,4
da2,2
dabasename,1
dabatase1,2
dadatabasemarch2012,5
dados,2
dailyattendance,1
dailystatuses,1
dailywip,1
dairytelomere,3
daisybilling,13
daisycompare,12
daisyservices,21
dajcor,2
dalsate,8
dalubedeacom,6
dalubenew,6
dam,1
dance,1
danny,1
dao,2
dar,1
darden,1
das_scg,8
dashboard,26
dashboard_db,9
dashboardpowerbi,24
data,78
data1,5
data3,1
data_2012_7_1,1
data_2012_7_16,1
data_archive,7
data_base,1
data_build,8
data_collection,4
data_common,7
data_cube_data,1
data_db,6
data_dealernet_lucom,1
data_factset,1
data_guru,1
data_ibs,1
data_management,4
data_query,1
data_replication_ezship,6
data_star_awesome,1
data_warehouse,21
dataanalyse,1
dataanalytics,1
datab,16
databa,2
databae_name,2
database,758
database0,9
database001,2
database002,2
database01,1
database1,190
database123,2
database1name,3
database2,149
database3,8
database4,1
database5,3
database8,1
database_01,1
database_015,2
database_016,2
database_017,2
database_020,2
database_1,1
database_2,2
database_a,1
database_aud,2
database_b,1
database_c,1
database_erp,2
database_idn,8
database_name,23
database_name_here,1
database_sourcedata,16
database_stg,1
database_test,1
database_uat,1
database_x,9
databasea,71
databaseatest,1
databaseb,66
databasec,2
databasedestination,1
databasefrom,1
databasename,183
databasename1,2
databasename2,2
databasenameone,1
databasenametwo,1
databaseone,1
databases,11
databaseserver1,2
databaseserver2,1
databasesource,1
databasesqlserver,8
databasethree,1
databaseto,1
databasetwo,1
databasexy,1
databeseone,2
databse2,1
datacapture,1
datacentercityname2_db2ourdatabase,1
datacollection,2
dataconversion,4
datadb,2
datadictionary,1
dataexchange,1
dataextraction,1
dataextraction2,1
datafactory,1
datafile,8
datahubrev2,1
datainfo,1
dataintegrationmaster,1
dataiso,1
datalib,1
datalist,1
datamap,1
datamart,12
datamart2,1
datamart_segmentia,1
datamaxx,1
datamining,9
datapatients,1
datapump,1
dataquality,1
dataset,1
datasprintsteste,1
datasql,2
datastaging,1
datastorage,2
datatable,1
datatables,4
datatool,1
datatrue_report,2
datavault,23
datawarehouse,126
datawarehousereporting,3
datawhs,7
datbase,1
datbase2,1
date,27
datedatabase,6
datedimension,1
datet,1
dax2009db,4
daycaredb,1
db,767
db0,4
db01,9
db01td02,2
db02,1
db08texg_2,2
db1,573
db11111111,3
db14,1
db182324492,1
db1name,3
db2,284
db2000,4
db2021quizlandstudent,1
db2_linked_server,1
db2_results,1
db2_site,2
db2_workdb,1
db2name,3
db2ourdatabase,1
db3,26
db304,1
db3_salesdb,1
db4,8
db4010,13
db4_default,6
db7,3
db_,1
db_002,1
db_01,1
db_018,1
db_02,5
db_1,21
db_2,12
db_3,2
db_9fb6f6_smartplates,1
db_a,26
db_a19c63_kmkb,1
db_a290d0_places,1
db_alert,1
db_analytics,5
db_archive,7
db_ardev1,1
db_asco_personel,1
db_atencioncliente,1
db_b,10
db_bak,1
db_branchdetails,1
db_catalog,5
db_cc_fc_database_sql,1
db_cm0,1
db_connectionstring,1
db_cra,1
db_d,1
db_datawarehouse,1
db_dest,1
db_dev,2
db_dma,21
db_dw,5
db_ecam,1
db_emp,1
db_facturacion,3
db_fdd63213_8581_4bef_ae7d_004c96c5873a,1
db_group,1
db_incurrido,1
db_intranet,1
db_jobs,1
db_land,14
db_marketdata,4
db_mh,1
db_name,80
db_name1,1
db_name2,1
db_new,1
db_object,1
db_old,1
db_pack,1
db_prod2,2
db_production,7
db_qpb,4
db_reporting,1
db_restore,1
db_sanofi,1
db_sfp_ems,1
db_site4,6
db_slave,1
db_spc,1
db_spe_carrig,2
db_src,1
db_t,2
db_temp,4
db_test,8
db_teste,1
db_us2,1
db_user,6
db_user1212,6
dba,25
dba_local,1
dba_sandbox,1
dba_temp,1
dba_teste,5
dbaccounting,1
dbacd,1
dbadb,1
dbadmin,6
dbadmin_central,2
dbajobs,1
dbarchive,1
dbaree,6
dbase,16
dbase1,2
dbase_name,1
dbauditor_repo,5
dbb,11
dbbackup,3
dbbar,2
dbbase2,1
dbbk,1
dbbtwo,3
dbbwkmigration,3
dbc83,1
dbchangetrackingmetadata,1
dbcibi3,1
dbcounter,1
dbcrm_mscrm,2
dbcssa,2
dbcurrent,3
dbcust,2
dbcwl,2
dbdelete,2
dbdev,1
dbdupl,4
dbemployee,22
dbex,5
dbfactoringtest,1
dbfactory,1
dbfastsconfigdataref,26
dbfastshosted,37
dbfastsprocess,2
dbfinex,1
dbfoo,2
dbglobalpricingmatrix,6
dbhorseracing,5
dbic,11
dbidwwhselc,5
dbimport,1
dbinmycontrol,1
dbisupportsystem,18
dbjamaica,1
dbkular,2
dbledger,1
dblive,1
dbm,1
dbm460learningteam,4
dbmail,5
dbmanjaprofile,2
dbmobtrackosm,2
dbms,1
dbmydb,5
dbname,334
dbname1,24
dbname2,1
dbnamehere,1
dbnew,1
dbo,304
dbo_main,2
dbo_polb015,2
dbold,1
dbone,7
dborig,5
dbos,1
dbotype,4
dboutofcontrol,2
dbp,4
dbp_mod,1
dbphxpss,1
dbplc,6
dbpo_trans,1
dbpricehistortesty,1
dbprod,1
dbproj,3
dbreportcard,1
dbreportsummary,5
dbrunoff,4
dbs,1
dbsat3,1
dbsds,2
dbsource,1
dbsource2,2
dbspareparts,1
dbstore,3
dbsupphousing,10
dbt,5
dbtarget,2
dbtemp1,1
dbtest,7
dbtest01,1
dbtest02,1
dbtest1,1
dbtest2,1
dbthat,1
dbtools,2
dbtorontotrader2016,1
dbtwo,2
dbusers,4
dbwarden,3
dbwbs,3
dbx,2
dbxx,1
dbxyz,1
dby,1
dbz,5
dc,2
dc_node,2
dc_sql,4
dcaservices,1
dcp,2
dcra,1
dct_source_qa,1
ddbb,11
ddiapplication,9
ddw,5
de_id,1
deal_info,1
dealpackwebidentity,16
dedicateddentalplans_stage,5
deepdive,4
default,2
defaultclinical,2
defaultdb,3
defaultstatistics,4
deidentificationdata,2
delaware,3
delimail,3
delivery,1
deliveryplatform_apps,5
delphidude,1
deltas,1
deltav_kb,1
demandeoutil,2
demo,12
demo_db,1
demodata,1
demodb,1
demonstration,1
demoserver,1
deneme,1
denials,3
denodo,1
dentrix,3
dep,1
departments,16
dept_15139205077,14
deqenergyusage,4
des,3
desainterno,1
desarrollo,1
description,1
designation,1
designmessage_workflow,1
designs,7
designsaoosig1,1
desk,2
desktopdb,1
desoutage,6
dest,4
destdb,14
destination,2
destination_db_name,3
destinationdatabase,1
destinationdb,2
destinationdbname,1
detail_epro,4
dev,27
dev_bi,5
dev_cms_medical,1
dev_dashboard,5
dev_database,2
dev_dp,1
dev_eimdw_archive,7
dev_eimdw_boj_reports,10
dev_inventory,3
dev_kpigov,1
dev_mscrm,8
dev_sab_em,1
dev_sab_man,1
dev_spot,1
dev_test2,13
dev_ticketsystem,2
devbivarcom,3
devdb,8
devdb1,1
devdb2,1
development,1
devicemanagement,22
devicetypes,3
devnew,1
devreporting,1
dg01,2
dgs,2
dgsap_prd,21
dhe,2
dhe_import,1
dhtraxxdev,1
di_trackingdb,1
diag2,1
dialinkdatacenter,1
dietdb,1
differentdatabase,1
digital,25
digital_media,7
diler_bw,1
dim1,3
dim2,2
dim3,2
dim_clientepadre_,1
dim_conceptosinventario_,2
dim_date,1
dim_plantacentro_,12
dim_tiempo_,6
dimaccounts,3
dimcat,1
dimdate,1
dimdbmc,6
dime_wh,1
dimecastsdotnet,2
dimension1,2
dimension5,1
dimensional_dw,23
diml14,1
dimsnet,12
dino,38
director,7
directory,25
disc_server,1
discogsdatabase,4
dispatchbails,1
display,1
distantdatabase,3
distinct,2
distribution,82
distribution_sa,3
distributor,1
distrisysdw,5
ditestdatabase,1
dividend,5
djx_test1,5
dkarchive,1
dko_db,1
dlplus,12
dlsizingdb,1
dm,1
dm1_mscrm,1
dm_886_marriottsocialdata,55
dm_admin,1
dm_ag_biz,2
dm_ag_it,2
dm_data_bps,4
dm_mah,3
dm_portfolio_analysis,1
dm_raw,1
dm_servicing,6
dma,6
dmaor_mydata,1
dmproject,1
dms,8
dmsarchive,1
dmsengine,3
dmsengine_hr,2
dmstag,3
dna_cleanup_dm,3
dna_public,12
dna_staging,90
dnmst,1
dnn,4
dnslist,7
docd_metadata,1
docdata,1
docdata2,1
docdpt,4
docgen,1
docs,2
document,9
documentreview,18
docutoolsuser,2
domain,6
domainbank,3
domcustomers,12
domtransfer,5
donors,2
doppler2011,3
dorsadbfitupdetail,1
dossier_replication,6
dotaznikyspokojenosti,5
dotdot_proposal_replica,2
dotdot_s3custdb_replica,1
dotdot_s3db01_replica,4
dotdotuat_proposal,2
dotdotuat_s3custdb,1
dotdotuat_s3db01,4
dovt_outlierview,6
dpn_reporting,2
dpplbms,1
dpro2,1
drawing,1
drezga01,3
drillholes_export,1
drts,4
ds,6
ds_dm,1
ds_prod,5
dsa_db,2
dsdw,5
dsi_asn_dsicx,13
dsllc,11
dsmm_ppcreporting,2
dso_waitingtime,2
dspace,2
dspcdb,1
dspcontent01,4
dsql,5
dss,1
dss_corporate,1
dst17000fuhsd,3
dstrining,1
dstut,1
dsvelocity,2
dt,1
dta,2
dtba,5
dtdatacolumn,1
dtest2,1
dtlookups,1
dtp,1
dual_pro_ii_tas,3
dublettenreferenzmenge,1
dummy_database,2
dummydata,1
dummydb,1
dump,1
duos3nf,1
duplica,1
dur2_a,1
duurzamekaart,2
dvdrental,29
dvm_data,7
dvmt30_event_processor,2
dvmto2app,2
dvr_0601,1
dw,37
dw_custom,1
dw_dev,1
dw_mart,1
dw_phi_base,3
dw_prod,31
dw_source_cti,1
dw_stage,4
dw_staging,3
dw_test,6
dw_wfts,2
dwboyce,3
dwconstruction,3
dwcorporatereports,17
dwdata,5
dwdb,1
dwh,92
dwh001,1
dwh01,29
dwh_amaris,4
dwh_mapping_v1,3
dwh_staging,2
dwh_store,1
dwh_swip,68
dwhtest,4
dwlive,1
dwload,14
dwqa,1
dwresourcetask,19
dws_general_dev,1
dwsf,3
dwstar,1
dwsystem,1
dwuserobj,1
dwworkflowengine,1
dx03,1
dyn35,1
dynaforms,4
dynamic,3
dynamics,2
dynamics_ax,13
dynamics_stg_model,9
dynamicsv5realtime,47
dynnavhrs,16
e,6
e1,1
e10db,7
e10production,16
e3,13
e3_ceral,2
e3_geral,7
e9_crp,2
eadatagov,1
eagle,2
eagle_devel,7
eagle_prd,86
ean,12
easi,4
easy_invoicecontroldb,4
easyid,1
easyjet_staging,1
easyjob,1
easymail,3
easytablet,1
easytool_data,26
ebalance,4
ebatest,5
ebay,1
ebcorp,8
ebi_interface,1
ebob,3
eboghandel,2
ec,3
ec14,1
ecitation,9
eclipse,15
ecm_ors,8
ecms,3
ecms_backup,16
ecom,4
ecomlive,2
ecomm,1
ecomm_rfq,2
ecommerce,5
ecommerce1,1
economic_data,4
ecos,1
ecpdb,3
ecpndb,1
ecpnpos,3
ecpnweb,3
ecs_local,1
ecscontrol,1
ecto,13
ecu_ax2009_sp1_ru8_prd,6
edb,1
edds,2
edds1015272,7
edds1024194,4
edds1111111,2
edera,1
edi,10
edi_001,7
edl01,1
edm_dev,1
edms_cpl,1
educaworkspace,1
edw,39
edw_mdm,2
edwfin,1
ee,1
ee_2,1
eex,1
efacdb,16
efdp_dev,1
efulfillment2,19
egactivedb,5
egallery,1
egdb,1
egec01_t,1
ehealth,1
eiac,3
eipods,7
eis,11
ekam,1
ekp,9
elearn2,1
elibrarydb,1
elig,3
eliteprod,2
elk_uat,1
elm,3
elm_bp348,10
elm_ho,1
elo,6
elq,1
em,1
em_demo,1
em_last,1
em_support,1
email,3
emailgroupanalysis,3
embracedata,4
emc,1
emergencyroommetrics,1
emersonanalysis,1
emkaandb,1
emojies,1
emp,4
emp_002,14
emp_table,1
employee,6
employee_master,1
employeedb,7
emr,7
ems,10
emsoluciones,1
enabled,1
encompass_dw,2
encorecompanya,5
end,2
endingsetpoint,1
endusers,6
engagementdb,1
engagespratton,27
engie,6
engineeringmedicine,1
enrich_prod,6
enronbbb,1
enteliwebdb,2
enterprise,8
enterprise32,6
enterprisedb,6
enterpriseeventlog,1
enterprisegis,1
entitlementtracker_srv4stage,7
entity,2
entrancecontrol,5
env,2
envelopsdb,1
envietnampo,11
environmentaldatamart,1
envndivdb,54
eo,1
eo1d,11
eoi,1
ep15_opisie,4
epcsauditdb,1
epdm,9
epicdw,1
epicor905,64
epigrid,1
epmtest,1
epo,1
epolltext_db,1
eport,10
epos_db,1
epr,1
eprocultimate,8
eqdw_stg,7
equipcom,5
equipment,9
equities,1
er,11
era_uat_shared,4
ercot_data,1
erea_local,1
erecruitdev,16
ergo,1
ericssonrawdata,1
erms,1
erp,13
erp_app,6
erp_std_cale,21
erpsql,1
erpvallas,3
errorlog,1
ersbi_warehouse,1
erss_local,7
esa611337,1
escad_dw_system,1
esdr_full,1
eservice_ep,1
esm_owner,4
eso,4
eso65,1
esps,2
esql,11
ess,1
ess_database,1
ess_nj_lmdm_pdm,1
estatemanagerservice,1
estudios,1
et,2
etc,2
etl,1
etl_clk,1
etl_framework,3
etl_gooddata,7
etl_test_source,1
etlstaging,9
etracs_tayabas,14
eu,8
eu_oth_reg,10
eurofysica,10
eurojobsrv,3
eustock,1
evaltool,6
evaluacion,1
evaulttest,5
eve,11
eveitemdb,1
event,14
event201211,3
event_na,1
eventlog,2
eventlogs,3
events,6
evo_data50004,20
evolv_cs,16
evolv_reports,4
evpm,1
evt_db,1
ewb_dal,1
ewfimport,1
ewmdata,1
ewom,2
ews,10
exactonlinerest,10
exactonlinexml,6
exammanager,8
example,20
example1,1
example2,2
example3,1
example_database1,7
example_database2,2
example_server,7
exampledatabase,8
exampledb,2
exbmpcatalog,1
excds,4
excds1,4
excel,1
excel_obj,1
excelanalysis,2
excelapp,1
exceldatabase,1
exceldumps,5
excelfile,1
excelitemstock,6
excellerx_webfocus,1
exchange,5
exchequer,5
exen,10
exitproducts,20
exo,2
exovations,18
expdbclient,6
expiry,1
explosivetracking,1
exportb,1
exporter,1
ext,2
extern,1
extern_epi6r2,1
external,2
externaldatasources,2
externaldb,2
externalserver,4
externaluser,1
extractreports,26
extranet_blob,1
eyis,21
ezpassdatadb,1
eztble,1
eztrack,16
f,5
f1,1
f2,1
f8extract,2
facilities,2
facilities_database,1
facilityname,1
fact,2
factfind,3
factorydb,5
factoryservermes,1
facts_reactive,2
faeb,4
faf40,1
faifapparalelo,13
failure,1
family,10
fammilyfiles,1
fanselect_man,1
farawaydb,1
farm_for_books,1
faststore,8
fatture,2
favorite,1
faxfile,3
faziki,23
fb_local,1
fbc,1
fblfeb12,18
fbs,1
fc10y,5
fc_mdt,1
fcat,1
fcentral,1
fcertstest,9
fci,4
fcidealervu,2
fcidial,1
fcpdp_new,1
fcpp_hpsd,5
fcu_live,11
fd_stage,1
fdata,2
fdb,2
fdms,1
fdmtest,2
fds_ram_mtbe,1
fdummy,1
features,2
feb2011,2
febcardb,3
fecha,1
fedpayhistory,1
feed,2
feed90,1
feeds,4
fees,6
fer_v008,9
fes,1
ff,1
ff2018allsportsplayers,1
ffas,1
ffflow_dev,2
ffgd,5
ffneapp,9
fgcihrdmasterlistsystemdb,10
fgcijorosystemdb,4
fgis,1
fh_reports,3
fhf_marketingdata,1
ficrm_mscrm,5
fidilio,2
field1,3
field2,9
field4,1
field_2,1
fieldconfig,3
fields,2
file,1
filemaker_checkpro,1
filename,1
filesystem,1
filter,1
fin,1
fin_datamart,4
fin_dwh,1
final,1
finalaa,1
finaldb,6
finalgraderesult,1
finals,2
finance,12
financecommissions26may2021,12
financelabkovich,15
financial,6
financialdata,8
financialdatabase,1
find,3
findata,2
fingerprint,4
finish,1
fiord,2
fireapp_repl_dw_data,1
fireball,8
fireball_rawimportdata,2
firinne,1
firmatransportowa,6
first,6
firstdatabase,3
firstdb,8
firststrike_retail,2
firsttable,1
fisharoo,1
fishtracker,2
fit,1
fix,1
fix1,2
fixlogins,4
fjbk,7
fl_data,1
flash_storico,4
flawlessly,1
fleet,4
fleet_datamartlive,1
fleet_staging,1
fleet_staginglive,3
fleethasuser,2
fleetplus,1
flexibleoffice,5
flexnet,6
flmedicaid,1
floor,3
floplookup,5
flota24,1
flowdb2,2
flowers,3
flows,1
fluig,11
fm,4
fmg_prod,19
fmlive204,1
fmm_projectserver_reporting,2
fms,42
fms25,3
fmsair,21
fmsprojects,20
fmsstage,8
fmtables,1
fn,1
fnqp2hq,4
fnqp2portal,1
foam,1
foc,1
focalareas,6
focus,6
focuscrm_mscrm,5
folder1,2
folharegisto,3
foo,2
foo2,1
foo_database,1
foodalertcrm,2
foodb,1
foodie,1
football,21
football_kick_off,1
footprints,4
forecast,2
forecast_dev,10
forefront,4
forestdbdev,18
forestry,3
forgedb,3
form,2
form_item,1
format,1
formdb2,1
forms,2
formvaluelive_sql,1
fortuna_consept,3
foundation,7
four,1
foveaprocess_easycrm,22
fpn,16
fprisco,12
fptdb,1
fr,2
fra,4
fraud,1
frd,8
freshsystems,3
freshway,6
friend,1
friib,4
frm,12
frm_home,2
frmstudents,1
from,34
front,1
frontier,1
frontsheets,1
fsc,1
fsdbmv,1
fss_live_50,4
fstrkdb_1,2
ftae_history,5
ftam,3
ftg1,5
ftp,2
ftr,1
ftsautocaller,4
fttx_build,1
ftviewdatalog,1
fuelmanagementsystem,8
fullstack,6
fullyear,1
fwair,1
fwisddw,5
fx,3
fx_prod,3
fxdb,4
fydtr,8
fypdb,2
g,9
g3cr_test,3
ga,2
ga_cmh,1
ga_financial,1
gabe2a_enronb,1
gaetano,1
gaetano_common,1
galaxy1,1
game,15
game_referencedata,1
gamelogs,2
gamename,1
games,1
gams1,31
gas,11
gaslitetcm,15
gasnominations,1
gasquality,8
gateaccess,1
gateway,8
gavs,3
gawk,1
gc,4
gcctest,8
gcsdwdb,2
gd,3
gd_db,4
gdata,1
gdf,1
gdldatamart,1
gdo,1
ge,1
gearsdev,1
geb_dwh,1
geb_reportserver,10
gedaidb,13
gedi,1
geico,10
gemdb,8
general,2
generalizedtable,2
genericitcompany,1
genesis,1
genesis_sco,1
genesys,11
genesys_var,1
genie2delete,1
geo,5
geodb,2
geolocation,3
geometry_table,1
geospatial,1
germany,2
ges16100,3
gesthandnet,1
gestion_des_notes,6
gestioneprestazioni,1
getpaid_sandbox,1
gf,1
gff_bog_orderlocation,2
gfii_ax2009_db_live,1
gfrm_star2,3
gg,2
ggi,36
gi,6
gi_impuestos,3
gildoj_flow,4
gis,4
gis_newjersey,2
gisdb,2
gl_202206,1
glassfloor_data,1
glentry,2
global,9
global_report_staging,2
globalsales,1
globalshop,4
gm,4
gm_stage,1
gmd,2
gms_man,2
gmunittest,12
gn3pruebas,3
gnh,7
gnmanager,21
goat,2
goldmine,6
goldmine_test,8
goods,6
goodstudent,1
google,1
googletransit,1
governportaldev,7
gp,20
gpi,1
gpos,2
gpos_extract,1
gpps,1
gps_data,3
gpschat,1
gpsdb,1
gpto_v004p001,6
gradebookstg9,3
grading,1
granite,1
graphdata,1
grdconfig,3
greatamerican_data,8
green43_prod_repl,3
greencardsite,1
grid_projectserver_applications,2
grossenergy,1
groundedi,2
group_new_db,1
groupby,1
grouptables,2
grp022011,8
grpcare1_pr,2
grs_dwh,1
grsm,1
grstops,3
gruppergister,1
gs_db,1
gsedata,11
gsf,13
gspremiumservices,2
gtcommon,23
gts_datastage,9
gtu_apps,7
gumshoe,4
gurskiy_economicapp,4
gusfand,2
gw_20140315,1
gw_ppp,15
gw_test_back_up,1
gws,4
gyakornok,3
gyh,1
gym,2
gz_game,6
h,2
h2h,1
h2penguindev,5
h352090datamart,1
habib,2
hadoop_monitoring_d10,1
halfhourending,3
halfhourlycustomers3nf,1
halldata,1
haloams,1
hammerhead,4
hana,1
hanoncs_securelogin,5
hardwaretestcasemanagement,3
hawkseye1,7
haztec_orc,2
hccdb,9
hcmsync,1
hdm,3
hdm_local,3
hdprojetap1proba1,1
headcount,1
headcount_ver01,6
headquarter,2
health_canada,1
healthbi,17
healthbi_views,11
heat,14
heatprd,9
hedgevaluation,1
heiddwhse,5
helios_navision_data_mart,1
hello,1
helloworld,1
help,1
helpdatabase,5
helpdesk,3
helpdesk3,6
helpdesk_hr,2
helpertables,1
helpservice,2
hemaconnectdailyfiles,2
hemasphere,5
heo_sqa_v60_2k12,3
hep_manequipinterface,2
here,3
hermes,13
hermes_import,2
hexdatabasedev,1
hfpl_dw,2
hgregoirecentral,2
hibernate,1
hidden,1
hidden1,5
hidden2,3
hie_temp,1
hilltopsamplerfix,2
him_clinical,11
hirs_tools,1
hist_db,2
hits,4
hive,2
hl2_61,1
hl7,6
hldata,1
hmis_rpt_me,3
hms_test,1
hn_admin,2
hn_ondata,10
holdingdata,8
holidaytracker,35
hollings,3
home,2
homefront,5
homemadefood,5
homestore,1
homework,1
honda_db,1
hooa,2
hopi,9
horsebreeders,4
hospital,2
hospitaldb,1
hospitalmanagement,7
host1,1
host_name,1
hostedtangosettingssql,2
hotel,10
hotelonline,1
house,3
housecoredata,1
housing_support_db,3
hp,2
hpamp,2
hpsdb,5
hpsmp,4
hpxr_stage,6
hq193,9
hqextract,1
hqmatajer,79
hqwebmatajer,4
hr,2
hr_admin,2
hr_mart,1
hr_mis_staging,1
hr_scan,3
hrbi,1
hrdb,5
hrdev92b,4
hrg_prod,8
hrge,1
hris_leave,2
hrm_mvc_dev_test,1
hrmanagement,7
hrms,3
hronline_itrent,1
hrprod_mscrm,1
hrs_rtt,2
hrsb,1
hrsystem,3
hschool,2
hscsn_dr,2
hsdev92b,2
hsirecon,1
hsr,1
hsrtest,1
hub,7
hubspotcache,2
hulptabellen,2
huxley,1
hwms,1
hydra1,93
hygieneobservationid,1
hypecommerce,1
i,9
i1,1
i2,4
i3,1
i3_dialer,1
i3_ic,11
i3dialer,1
i96x,1
i_doc,8
i_racedb,1
iam_perf,1
ianmartin_datamart,23
iasdb_partial_delivery,2
ibilldb,41
ibsi,2
ibsssystems,1
icddrb_tblab,2
icem,1
icenter,2
ichntrie,1
icis_repl,1
icjistest,1
icms,1
icom,1
icp,4
icps,16
ics,1
id,1
id3,1
ida,7
idaho,1
idata3,1
ideaapplication,4
ideaurlbot,8
identitydb_csr,4
identityiq,4
idiot,1
idp,2
ids,1
ids_reporting,3
ids_saf,3
idtb,1
idw_stage_dev,6
idx,4
idxanalyzer,18
ie,1
ie_pas,12
if,3
ifis_earndeduction,2
ifo,5
ig_300m19,1
ig_business,2
ig_transaction,3
igcslidesdb,1
ignitionserver,4
igt_compensation,1
ih08pkgmf,1
iie,1
iifl_schedule,1
iiidb,2
iis_logs,1
illdata,1
im_data,2
imagebanksql,1
images,1
imake,2
imame,1
imanage,11
imb_tbo_data,3
imdbratings,10
imelreporting,3
img6,1
immats,1
immo,5
imms_elec,1
impact,15
impactwork,2
imperialdb,2
importdatabase,1
importhapoalim,1
importqueue,2
importtickets,1
impoundlotalpha,1
imr,1
ims,14
imucsigrp,1
in,2
in4maticsystem_arc,1
in4maticsystem_pie,1
inbox,3
incentivos,6
incidentreporting,1
incominginsp,1
ind_roadchef,3
indexcolumn2,1
indexdm,37
indiapayrolldb_livefinance0910,5
indus2_bds,31
indus2_blfe,56
indus2_mps,1
indus2_msis,4
indus2_vacuum,30
induslynk,15
industrialcomp,2
indux,8
inet,3
inetdb,20
infm_people_or,4
info,7
infocentre,5
infofleetsql_puls,6
infoquest,13
inforlndb,16
information_schema,2
informrmsaudit,1
infosec,3
infrastructure,1
ingenio,5
ingeniousrpm_bridge,1
inhabit,1
initial,1
inmemory,1
inmemtest2,2
inno_edging,1
input,1
inputsignals,1
ins_val_sandbox,1
insight,24
insightetl,1
insightlanding,13
insightsource,7
insightwarehouse,9
inspection,6
inspectiondesign,1
inst1db,1
insta,1
instance,1
instancea,4
instructorid,1
instrumentation,6
insurancecoverage,1
int,2
integratedcare,12
integration,8
integration_db,1
integrationdbdev,1
integrationprod,2
intela,2
intellection,3
interact,2
interaction_test,2
interchange,1
interface,10
interfaceinfor,6
interfaces,2
interlink_main90,40
intermediatem,2
intern_db2,3
internal,3
internalaudit,1
internalportal,2
internationalservices,3
interurbano,1
interview_info,1
intranet,62
intranetmig,3
inv_q1,1
inventaire,1
inventory,29
inventorydatabase,9
inventorydb,18
inventorylocatordb,1
invman_staging,4
invoicemanagement,1
invoices,1
invoicing,1
io,6
ion,1
ion_data,1
ios,2
iot,3
iotdb,1
ip184,1
ip2location,8
ip_loc,1
ipacostadmin,1
ipm_data,2
ipm_info_reporting_dest,7
ipr,3
ipts2,1
ir,1
ir_dw,2
irgmaster,3
iris,1
irisjev01,12
irms_2_5_2,1
iroav2,1
irs,1
is,4
is_dashboard,1
isadmindb,3
isalesystemdb,1
isams,17
isarchive,3
isc_ras_cd_maxdb,1
iscore,15
isenseanalytics,6
isensemd,8
iseries,2
ish_edvbetreuung,1
isis,8
isldwods,1
islibrary,3
iso_report,11
isrm,1
isshxi1,1
issuer,58
istablocaldb,9
it,26
it360servicedesk,7
it_activedirectory,2
it_data,11
it_maintenance,2
it_reports,1
it_trn,2
itam,1
itb_pank,1
itd640_b,1
itdashboard,6
itec_app,9
item,3
item_id,1
item_type,1
itemcert_reporting,1
itemlist,2
itemmasterroutingpoc,2
items,4
iteration_3,8
itms,1
itnltcs_image,2
itops,10
itsc,1
itsecmaster,1
itsmwh,1
itsys,7
itworks,1
ivr,1
ivrflowmanager,1
iwg_pg,1
j2h,9
j_customer,1
jam,2
jammingevents,9
janel,2
janus999db,1
jas001,5
jas001new,5
jas_bis,1
jason,1
jason_orf,3
java,32
jbc,1
jbi,2
jbinfotech,2
jcihistoriandb,5
jcr_dts,4
jde_crp,5
jde_development,3
jde_production,13
jds01,18
jec,1
jenx,2
jerry,5
jet2fees,3
jet2holidays,13
jetnavdwh2017,2
jewellery,3
jff,1
jira,17
jivo_all_branches_live,2
job,1
job_operation,2
job_operation_time,1
job_register,5
jobapp,7
jobapplication,2
jobs,16
jobsdb,18
jobtable,7
johndoe,1
jollyroom7,1
josel_testdb,2
jpa,2
js_data,2
json_documents,1
jsonpayload,1
junglegymsql,1
junocore,16
justice,12
k2ca_ca,4
kaart,2
kaggle,1
kai400,7
kairosmanagementsystem,6
kamls,2
kamog_hr,1
kbv,2
kcc,3
kdashboard,1
kept,2
key2live,2
kfm,2
kicsdev,12
kiso_task,1
kittens_dogs_aggreate,2
kittnes_dogs_aggregate,2
kiwi,6
klasje,3
km_db,1
kmbl,2
knowledge_prod,2
knowledgeindex_data,1
knw,1
koios,9
konto,1
korova,3
kpennell,3
kpi_data,6
kr,16
kr_users_groups_permissions,3
krav,1
kronos,1
kseebmasters,2
kss_tmp,2
ksubscribers,5
kurumsalzeka,1
kw_grecos,1
kyc,6
kyle,28
kyte,1
l,20
l2,11
l2v5,3
la,3
la_temp,16
lab15db_1,1
lab2,1
labdata,1
labdb,1
labeta_fa,48
labic,3
lablog,2
labworksdbprodpi,2
lagoonocean_lt,3
lahamark,2
lal,1
lamblot,10
lampsgarlive,2
landing,2
landogfritid23,5
landornetsql,2
langhill,4
laptopdb,1
laserbeak_main,1
laserrepository,9
lastbackup,3
latausalue,16
lawdata,19
lb,4
lbbugnet,1
lcom,1
lcscdr,10
ld,1
ldb,1
lds_xml,28
leader,4
leaderofnow,7
leads,17
leafdb,2
learningapp,1
leasecomplete,6
lec,3
lecture_db,14
legacy,19
legalit_mnemonictest,4
legosdb,1
leistungsportfolio,1
leisureactivities,20
lenqreloaded,4
lepidolitedb,1
lesto,1
lfarchive,10
lflive,4
lfplog,1
lgi_temp,1
lhapp_owner,5
liaison,8
libpv_wb,2
libraries,3
library,6
lifelinereference,2
lifemail,1
like,2
lims,1
line01,1
line_log,1
link,1
linkdb,3
linked_server,1
linkeddatabase,4
linkedname,2
linkedserver,31
linkedserver_1,1
linkedserver_2,1
linkedserver_3,1
linkedserver_4,1
linkedserver_5,1
linkedserver_6,1
linkedserver_7,1
linkedserver_8,1
linkvisacard,3
lionel1,5
lipimdb,2
liquibase,4
liquidacioncpreaseg,1
liquidationcase,1
list,10
listener,1
listento,2
lists,1
listserv,6
litms_mcp,1
live,45
live1,2
live_adl,1
liveatdb,4
livecsdb,4
livedata,1
livedb,72
livefdb,161
livendb,57
livenlic,7
ll,1
lms17_aru_backup_201402080000,2
ln106,3
lnk_54sd_reporting,1
lnlcredit,8
lnsp_uat,7
lo,1
loaded,1
loan,1
loandata,1
lob_db,18
loc_db,2
local,2
local_database,3
localdatabase,11
localdb,15
localdbname,2
localdbtest,1
localgtpdatabase,4
localmachine,6
localservera,16
localserverb,1
localtest,2
location,6
location1,5
location2,1
location3,2
locationwn_mnc1ve,4
locexposure,1
locum,3
lodgingcatalogmaster,11
log,33
logboeken,4
logdata,1
logger,1
loggingserver,1
login,10
login_register,1
logins,1
logistica,1
logistics,1
logisticsbi,1
logistyka,1
logisuite,1
logix,1
logix_dev,1
logparsertest,1
logs,6
logx,1
loldatabase,2
lom,13
lomos,1
lon,1
lookup,3
lossmitigation,7
lotteryretail,1
lotto,1
lottracker,2
loyalty_dw,2
lpd1_8,38
lps_hepper_678,1
lps_hepper_cz,1
lps_hepper_dk,1
lps_hepper_mo,1
lps_hepper_ny,1
lps_hepper_supplier,1
lsa_plus_base,7
lsa_plus_jur_nico,18
lserver,19
lslmdb,1
lsv,10
ltb,4
ltdtraining,1
lts,12
luckysessions,1
ludanprojectmanager,1
luminex,1
lux_web_sam,1
lwc,1
lwpim,6
lyncconversationdetail,1
m,7
m1_hb,19
m2mdata01,29
m2mdata02,24
m5prod,9
m9egfe,1
machining,1
macpac,1
mad,1
madefromscratch,5
madison,4
magasin,1
magicar_route,1
magicbus,2
magnet,6
mailactivity,4
mailing_list,1
mailserver,5
main,113
main_database,2
main_reporting,3
mainclinic,1
maindata,3
maindb,17
maindb1,1
maindb2,1
mainlogging,2
mainsitedb,2
maint,1
maint5k,1
maint_maintenance_db,1
maintenance,4
maintenanceportal,1
majestic,2
makethepart,1
makkiruskfaisalabad,6
maks,1
malzeme,1
mambo,13
mamo,16
mamozi,5
man_prod,1
management,4
managesales,1
mandant_einszwei,6
mandats_approvisionnement,1
mands,2
manex,19
manged,1
manufacturing_company_mscrm,1
manufacturingtracking,1
manutxml,1
mapa,1
mapbullion,1
mapdata,2
mapinfo,4
mapinventory,1
mapping,1
mappingdata,1
mappingdata_gaportdb,4
mar2011,2
marathon,3
mariadbmigration,7
mark_fast,13
mark_passive,1
marketanalysis,1
marketdata,2
marketdb,2
marketing,15
marketingtemptables,5
marketshareiqdata,3
markettopology,6
marks_party_masterinvite,1
marmovidroaux,1
mars,5
mars_bars_raw,2
mars_dw,3
marslite,8
mart,9
mas500_app,6
mas500_test_app,2
mas_ame,5
mas_master,3
mas_phe,2
mas_rdp,3
mas_wgd,2
mas_yca,1
mason01,1
masrafanaliz,5
mast_trunkibis_m,3
master,1100
master_aggregate,1
master_data,3
master_db,2
master_dim,2
masterbill,9
mastercli,1
mastercontrolsitefinity,6
masterdata,4
masterdata_retail,7
masterdatabase,3
masterdb,6
masterdm,3
mat,1
mat6,2
mat7,3
matchlistonlist,1
matrix,5
matrix_copy,1
matrix_data,3
matrizdb,16
maw,1
max7503,5
maxis,3
mbch_lmt,8
mbo,22
mc_complaints,2
mc_koy,2
mc_membership,2
mc_sitefinity,20
mc_tenders,1
mcas,1
mccapps,1
mci,1
mcif,1
mcnserver,1
mconsole,9
mcs,1
md_spp_0910,1
mdatabase,1
mdb,15
mdb2,2
mdm_old,3
mdm_stat,16
mdr,21
mdr_csv,1
mds,3
mds_ax2012_zws,2
mdscommondb1,1
mdt,15
mdwdb,5
mdwh,1
me,2
med,1
med_stage,1
medc_mdc,1
medecin,1
media,2
media_bpm,1
mediao0,43
mediaprima_ivr,1
mediastore,3
medicare_enrollment,1
meditech_livefdb,9
medw,6
megadatabase,1
meiforecasting,8
mejames,8
mejonlinemanagementdb00,2
meldb,2
melk,6
member_security,2
memberbackup,2
memberdata,4
members,1
membersdb,2
membership,5
memory,2
mentesoglu_b2b,1
menus,1
mer_prd,1
merchantgroupactivity,1
mercury,1
mergedata,7
mergedprogressreport,32
mergent,1
mes,3
mes_archive,3
mes_dev,2
mes_qas,2
mesdb,14
mesf_1,1
message,1
messagestore,1
metals,1
metastorm,9
metcontdb,10
metdb,5
meteo,9
meterdb,2
metering,1
metldb,5
metrics,3
metricscollection,1
metro,13
mewlive,28
mf_court,1
mfclearing,6
mfd,1
mfgdatacollector,1
mfgsys,11
mfilescloudreport,1
mfinv,10
mflogs,1
mfsql_dtfm,1
mgb,1
mgbais,1
mgnt,2
mgt,7
mh,1
mho_report,2
mhs,1
mi,1
mi_masdb,3
mi_prodmi,3
mi_s_data,4
mic,2
micqif_prod,2
microbialscreening,3
microframe,2
micros,1
microsoft,8
microsoftdynamicsax,40
microster,1
midasfactory,1
mietrak,1
migrate,1
migrated,2
migration,1
migrationaplandb,5
migrimi_temp,1
mike_db,1
mil,2
milan,13
millennium_dw_dev,6
mineria,4
mineria2,2
mir,1
miro,9
mirror,1
mirrormirror,2
mirthdb,4
mis,3
mis_apps,9
mis_db,11
mis_store,2
misampco,1
misc,2
miscreporttables,5
misreportinterface,2
missionsdb,1
mistestpcm_raw,1
mitestco,5
mits,4
mivdb,2
mkd_onebilliondollars2,1
mke_pss,9
mkn_reporting,12
mktintelligence,8
mktpbi,1
mlogic,12
mlt_visittracking,46
mm,1
mmapps,4
mmars_web_testinfo_california,20
mmaudit,8
mmc,1
mmd_feed,1
mmdb_kopijasi,2
mmf_los,1
mmprodat,2
mms,1
mms_db,14
mms_global,17
mmt_sqa_v60,3
mngdb,1
mo_cmtextract,7
moad,2
mobileapp_logs,1
mobiles,1
mobileservicestage,4
mobilisations,4
mock124,2
model,16
modelobi,1
modification,1
modules,1
mohan,1
moldingdata,1
momdwl1,7
money,7
mongo,10
mongodb,4
monitor,60
monitor2,1
monitor_reporting,1
monitorcontroldb,7
monitoring,4
monsoon,6
montester_preprod,1
monthly_reporting,1
monval1,1
moodle_test,13
mortgagepipeline,14
mosaiq,1
mov,8
moveitautomationagain,1
movie,1
movies,1
mpbllitedev,1
mpft_sendit,1
mpk,1
mpnew,1
mpos_health,2
mps3,4
mpscdrctesting,1
mqpdatabase,2
mrc,4
mrix,2
mrs,8
mrt_mkt_bidw,1
ms,13
ms4033,1
ms_test,1
msc,1
mscassignment,1
mscrm,3
msdas,8
msdb,2792
msm14,1
msp_data_test,2
mspwip,1
mssol2015pdw,9
mssql,2
mssqldb,1
mstr_md,2
msts2,1
msu_db,6
msumcoop,5
mt,13
mt_work,15
mtb,1
mtb_aml,5
mtb_etl,2
mtdata,2
mtdetails,3
mtpd,1
mu,1
muledb,1
muledbarch,1
multilocation,1
multitech,15
murergruppedb,1
music,1
mvclogintestdb,1
mvcnew,3
mvcomar,2
mvcomar2,2
mvhmedia,4
mvservices,1
mw_meresys,2
mx7prod,36
mxptransferdev,4
my,5
my_cf_2,1
my_data_base,1
my_database,46
my_db,55
my_db_app,1
my_db_prod,1
my_db_test,1
my_hosur,1
my_local_database,1
my_log,1
my_nodes,2
my_proj,3
my_project,6
my_restaurants,2
my_schema,1
my_table,1
my_test,2
my_tmp,3
myapp,2
myarchive_data,1
myazuredb,1
mybase,5
mybb,1
mybooklibrarydb,1
mybookstore,1
mycompany,21
mydata,20
mydatabase,167
mydatabase1,2
mydatabase2,7
mydatabasename,3
mydatabaseondb1,2
mydatabaseondb2,2
mydatabasetest,1
mydataset,1
mydatasource,2
mydatbase,1
mydb,458
mydb00037,1
mydb1,14
mydb76,1
mydb_filetable,1
mydb_new,3
mydba,4
mydbname,12
mydbqa,1
mydefdb,15
mydim,9
myds,2
myemma,1
myerp,1
mygroup,2
myinstance,1
myjson,2
mylinkedserver,2
mylive_data,5
mylocaldatabase,1
mylocaldb,1
mymaindbentities2,1
mymaterialdb,1
mymongo,3
mynewdatabase,25
mynews_local_db,1
mynode,2
myoc4data,3
myorg,6
myoriginaldb,1
myotherdatabase,2
myotherdb,2
mypackage,4
mypeople_dataversion2,6
mypersonalsupport_reporting,8
mypgdb,3
myplace,2
myproj,3
myproject,34
myremotedatabase,7
mysch,4
myschema,5
myserver,9
mysmsreport,1
myspecialsqlserver,1
mysql,10
mysqldb,3
mystore,2
mysystem,1
mytable,18
mytestdata,1
mytestdb,8
mytestreport,2
mytsqldb,1
n,4
nagisofflinedb,1
name,12
namebay,1
naming_db,2
nandosdw,1
nangdoinhanhganmoi,1
naoli,8
nap,1
nasrweb,1
natality,1
national_mdb_26,4
nav2009,6
nav_live,9
navision,22
navision4,96
navisionmeta,1
navqueriesdb,1
nb,6
ncaaf,12
nch,9
nclgs,6
ndcstats,1
ndf_061,8
ndm_sage200,1
ndw3nfdb,4
nedb,1
neef_entry,10
neptune,6
net,1
net2events,10
net7,1
netlication,3
netperfmon,1
networks,1
new,3
new_database,2
new_db,2
new_ees,12
new_judgment_system,15
newbusiness,1
newcitycollection,5
newdb,25
newfishtrackerprofessional,1
newfp,1
newgroup,1
newimport_db,6
newpos,1
newprd_live,1
news,5
newscom,2
newsdatabase,1
newsemakpi,5
newsn,1
newsys,2
newtestdb,8
newton,3
nextcare,8
nextgen,1
nfconnect,1
nfcudw,6
nfpdw,1
ng,4
ngc_bj_dev,6
ngprod,9
ngtest,4
nhba_a,1
nhisdb,2
niccolo,1
nicherms_live,2
nielsen,1
nih_exporter,1
niitess,4
nimbus,15
nimet,1
nimetdata,1
nisnav,7
nls,19
nm1,4
nmbrs,6
nml_sidney,5
nmp_mscrm,5
no,2
noc_ao,14
nomencladores,1
non_indexed_fields,1
nonstandardcollation,2
nop_pr,53
noriba,3
northwind,105
northwind2,1
northwnd,5
norton,2
not,1
notableanswers,1
notenode,7
notesdata,1
notmytempdatabase,1
novadb,6
novelty,1
novoclic,2
npdb,1
nq,1
nq_mexico,1
nql_rawdata,2
ns1,2
ns2,2
nsb,1
nsdata,6
nsgwsainline,2
nsprograms,8
nsr,3
ntier_57539,14
ntier_70751,39
ntier_harh,14
ntier_master,9
ntnote,2
nucor_historical_data,2
null,4
null_limits,1
number_of,1
numero4,1
nup_mscrm,24
nus12345,1
nutritionclinicdatabase,1
nw_src,19
nwa,3
nwbakers,9
nxt_us,33
nynyl,2
nysus_sequence_mes,1
o,7
oasis,2
ob,1
obase,1
obe,1
objdump,1
object_id,2
objectdata1,1
objectives,1
objword,1
observerdb,1
obxkites,1
oc,2
oceano,1
od2,1
od_teste,1
oda,1
odbc,1
odeamaindatabase,1
ods,44
ods_10_ds1,2
ods_bi_r,3
ods_ccl,13
ods_hrp,1
ods_isrc,1
ods_production,1
ods_raw,8
odsdb,1
odslifeasia,1
odw,34
odw_dev,1
oe,1
oem_crm_mscrm,4
of,1
officesystem,7
oficios_dev2,3
ofix,1
ofm1,1
oforder,2
ohb,5
oi_oaf_archive_20210218_20210222,1
oklahoma_pvd_wildlifelaw,2
olap_db,1
olbret_copy,3
old,8
old_database,20
old_database_demo,3
old_db,2
oldbackup,3
oldblog,2
olddb,33
oldexpress,1
oldtables,1
omadareporting,2
ominitire,1
omitted,2
omnibus,14
oms,2
omsbb,2
omstocks,3
on,7
onaccount,1
onbase,19
onbaseworking,2
ondemand,2
one,2
onec_988,4
onedb,1
onesource,1
onewindowprd,1
online,9
onlineapplications,2
onlinelegal_dev1,1
onlineqnres,4
onlinetools,2
onlineusers,1
onlineusers2,1
onpremisesserver,1
onsitev3,1
onsitev4,1
onyx_kaplan,1
op,1
opalrad,14
opc,12
opds,5
openacc,6
opendb,2
openview,7
operation,2
operationreport,1
operations,15
operationsmanager,2
operationstablesdb,6
opg,4
opi,1
opm,2
opr,3
ops,3
ops_archive,3
opsodsadm,3
opssoaadm,10
opt_resposne_xml,1
optima_test_results,1
optionsdw,1
opub,1
opus2,3
or,21
or_jtu_2530,1
oracle,5
orange,1
orbisbilling,11
orbisrates,5
orcamentos,23
orchard_festivaltv,1
orchard_mytenant,1
order,2
orderdetail,1
orders,7
orderscans,3
ordersnew,1
ordform,1
oregon2,4
org,102
organisation,7
organizationvideo,1
originaldb,8
origindb,1
orion,12
osddb,1
osrall,1
osrfilexfer,1
other_db,14
otherdatabase,13
otherdb,32
otherserver,1
otherthing,7
othing,1
otis,4
otop,6
otrs,5
our_organization,1
ourappdb,2
ourdatabase,1
ourdatabases,2
ourdb,8
outbound,8
output,3
outreach25,5
outreachbusinessintelligence,1
ow,1
ownership,14
ownershipchaining,1
p,18
p005_mmat,1
p01,1
p1,3
p11d,1
p2014,1
p21,60
p2p,5
p6_grassleycommitteeinc_20150223,1
p_analysis,3
p_photodb,4
pa,2
pa_denial_letters,1
pa_e_customer,5
pa_e_instruments,2
pa_test_app,1
package,10
pact_oems,2
pacware,4
pad,1
pad_dev,1
paf,1
pagamenti,1
pagerank,3
pages,1
paie,1
painelcontrole,1
pak,10
panacredit,6
pandimandata2002,4
pani_test,2
panth01,1
paramount,12
parcs_db,1
parent,1
parent_id_akun,1
parentid,1
parentitem,1
park,3
park_db,1
parkingdb,1
parthenon,3
partial_newvedja,1
participantdetails,1
partnerportal,16
parts,20
pastic_com,1
patch_stats,1
patdataset,1
path,3
patient,2
patient_data,3
patient_kval,1
patients,3
patron,1
pawnsafedbce,2
paydatabase,5
payment,1
paymententity,1
paymentgateway_2006,1
payments_dw,5
paypal_staging,6
payroll,20
paytime,1
pb,71
pbjobdb,1
pbmsys,3
pbs,4
pc0517,5
pca,1
pcap,1
pcmi_warranty_custom_twsi,4
pcodb,3
pcs_shipping,1
pcschool,16
pctransdb,8
pcunittest,15
pcvrt,3
pcxp_proassur_preprod,1
pd_sql_db,1
pdata,8
pdb_master_ert,1
pddmn_access,15
pdi,1
pdi_warehouse_2049_01,6
pdi_warehouse_952_01,12
pdicompany_2049_01,8
pdox,19
pdp,2
pdp_ttp,7
pdpdatamart,1
pds_sync_cm,19
pdsupport,1
pdx_sap_user,42
pea,2
pebi_warehouse,19
peccs,5
pecv4,1
peel_icem,3
pegasys,8
peistock,1
pen,1
peopledb,4
peppermint_data,4
perg,1
pergamarc,2
periods_year_re,1
permplus,13
perseus,1
persisted,1
person,1
personaldata,1
personaldetails,1
personalmoneytrackerdb,7
persondb,1
personel,2
personnel,11
persontest,1
petl,1
pfeds,6
pftracking,23
pg_database_name,1
pgadcp,1
pgc,1
pgf_external,6
pgf_master,5
pharos,8
phd,2
phdreports,9
phil_ic1,1
philadelphia,1
philipsmaterials,1
phocas_tg,16
phone,1
phone_book,1
phonelist,3
phoner,1
phonexone,3
photos,1
php,1
physicals,4
physician,2
pi_consolidation,6
pia,7
piart,5
piattosteakhouse,3
picklist,10
pidilite_feedback_app_dev_latest,8
pigeon,6
pimidq,1
pimstabl,1
pipe2pipe,18
pipedb,12
pipishop,1
pis,1
piscys,1
piston_tol_prod_db,1
pit,4
pivcrm_prod_online_ed,1
pivottable,1
pizzahibernate,1
pkt,39
pl,2
pl2,2
placeholder,8
places6,2
plan_vuelo,1
planfinder,2
planreport_qnxt_la,31
plansanoka,6
plant1,1
plant2,1
plantdata,1
plat,3
platform,1
platformnew,2
platinum,1
play,4
playground,2
playlists,2
plc_db,4
plclogging,1
pldtcustomercare,12
plex,1
plshared,7
ply_fv_prd,4
ply_wellez_prd,14
pm,1
pm_app,20
pmdb_arc,1
pmdb_dev,1
pmecentral,3
pmis,12
pms,8
pms_backup,3
pmw,9
pn,5
pncregdb,3
poc,3
pocketlife,1
pod,22
poi2version7,1
pointsebagothisticketcomdb,1
pojo,1
pol,1
policy_tracking,1
polygrab,1
popprod,1
portal,9
porte_maillot_sa,2
portfolio,6
portfolioanalytics,8
portfoliocoredata,2
portfolioproject,9
portmultimax,3
ports,5
portugaltrailscore_db,2
pos,5
pos_report,10
posdatabase,1
posdb,4
posimorders,6
positivepay,1
posserver,2
possystem,2
post,3
postale,5
postcodeaddresses,1
postcodes,1
postfeeds,1
postgres,4
postgresql,1
postilion_office,5
postlist,2
postmeds,2
posts,1
power,11
powerappplan,1
powerbireports,1
powercampustest,2
powerlink,2
powerpath,2
powerview,13
pp,12
pp_bodata,1
pp_materials,1
pp_planning,1
pp_staging,1
pp_test,6
pplat_kpi,2
ppm,4
pppltd,6
pptest,5
pptmaillistab,1
pptmaillistc,1
ppv8,22
pr,6
prac,1
practice,5
practiceevolve_c1,40
practiceevolve_doc,20
practices,5
prd,1
prd1,1
prd_live,4
prd_stg,3
prd_technowin,1
pre_common_member_archive,1
pre_staging,22
preferencedateetl,1
premfg,1
preprocessor,1
presets,4
pressrelease,2
prglog,3
price,2
price_range,1
prim,3
primary,3
primarydb,1
primelaundry,2
primescxp_db,2
primusgroup,7
priorities,2
prism72,4
prism72ext,17
privesam,1
prjdev_projectwebapp,8
prjprod_projectwebapp,3
prm,2
problem,1
proc_mn,3
process_group_id,1
processcontrol,1
processing,1
proctergamble_analytics,1
prod,72
prod3,1
prod_21c_sitecore_web,6
prod_agency,1
prod_analytic,12
prod_awdb,6
prod_baa,1
prod_ddb,1
prod_edw,4
prod_eimdw_boj_reports,1
prod_workflow_client41,12
prodbarchive,8
proddb,17
proddw,38
prodls,1
prodstat,1
product,60
product_companyprod,4
productdata,9
productdatabase,4
productdb,1
production,180
production_db,1
production_finance,6
productiondb,1
productionforecast,3
productionmanagement,8
productions,1
productline,2
productorders,1
productorderu,1
products,10
products2,2
producttestdata,1
producttesting,1
producttype,1
profiledb,1
profiles,1
profitmaster,35
profitrecoverypartnersllc_mscrm,7
profmed,1
proforma,10
progennet_dev,1
program,1
program003,1
program_2,1
programmer,1
programmi,22
progroupmembership,1
proiect,1
proizvodnja,1
proj,1
project,62
project2,1
project_id,1
project_mongoose,1
project_tr_tp_com_test,1
projectmanage,1
projectmanagement,6
projects,15
projects_jit,2
projecttracker,1
projecttracking,10
projectuser,1
projectwebapp,26
projectxxx,1
prokoncrm_mscrm,6
proliv_min,2
promo,1
promonesite,1
promotiontracker,5
proof,1
proofofconcept,1
properties,1
property,2
prorole,1
prospects,1
prosql05,1
prosys,1
protegegx,7
protegegxevents,4
proteus_8_2,1
prototype,2
province,3
prt,10
pru,1
prueba,1
ps01,7
ps_dev,1
ps_prod,4
ps_slk,25
ps_userdata,2
ps_vendorportal,3
ps_website,2
psa,11
psap,1
psationmis,1
psd,1
psd1346,1
psd2394,1
psdesk,1
psi_db_8amsnapshot,11
psit,1
psmado,8
psman,3
psp,19
psrtmscada,1
pst,3
psv_stg,1
psvengine,10
pt99991_result,1
ptcdbtracker,15
ptdb,2
ptw,5
pub,3
pub_car,3
public,4
publication_data_management,2
publicdb,3
publicregion,10
publishedreporting,1
pubs,4
pugraider,1
punting,4
purchaseorder,1
purchasing,2
pv,2
pvbc,1
pw_contractors,4
pw_engevix_eco,9
pwc_2017,1
pwc_2017q2,1
pwdx,1
pwi_new,2
pwsetl,33
pwswms,2
pxyz_database,1
q,17
q00edh_db001,3
q00hms_db001,3
qaapr2006,3
qad_repl,8
qadata,1
qadmain,8
qai,30
qb_updat,1
qbdatabase,8
qfiniti_platform,6
qflow,5
qgtaa,4
qlfdat,29
qlikdatawarehouse,30
qlsdat,8
qlx_dq_scrcrd,1
qmgmt,1
qmsfl,2
qnfarm,6
qpulseauditlog,3
qrm_pulsar,7
qrmprod,14
qry,1
qrys,1
qtdb,2
qtra410,1
qtrax4619410,1
qualitycontrol,4
qualityengineeringdb,1
qualityforecasting,8
qualitytracking,42
quandl,1
queries,6
query3,2
queryinterface,1
questions,5
queuetest,2
quikfix,4
quizgame,1
quotebase,5
quotestemple,4
r,11
r2op,1
radio,3
radiotherapy,3
radqa,16
rahul,1
rajdb_live,1
raktarkeszletentity,1
ralnhvtst,26
ramazan_test,2
rambolldw,11
ramework,1
rampapple,9
rampdb,1
randomdb,1
rankings,1
ranlib,1
rapha,3
rapids,1
raptor,1
rat2,1
rating_sandbox_dev,2
raw,38
raw_datavault,1
raw_uk,5
rawdata,17
rawservicenow,2
rbcbemd,13
rbgdc0p2,10
rbmdatabase,1
rbt,1
rcetestwaremfrlog,1
rcmdynamic,13
rcmstatic,12
rd,40
rd_geocode,15
rda,5
rdca,1
rdi_system,1
rdms_dev,1
rdv,2
rdwh,1
re7,23
readdb,3
realforms,6
realpage_uds,6
realtime,1
realtimevending,16
rec_serv,1
recommendtest,1
recon2018,2
recon_e,5
record_key,1
recorddb,1
recorddetails,1
recordlinkage,6
recrm_merged,2
recruiter,1
recruitingdb,2
red,49
rednadba,1
ref,4
reference,42
referenceddb,1
referencetables,3
reg,3
regexp,1
regi,2
regional_oi,1
register,10
registerapp,10
registration,1
registry_malta_recovered,1
registrycopy,1
regkioskdb,1
regulator,3
rejected,1
relaytanks,2
release,3
reliabilitydata,9
relldw,3
reloj,2
rem,13
rem1,1
remitchangecontrol,1
remote,1
remote_database,2
remote_db,12
remote_db_name,1
remotedatabase,3
remotedb,27
remotedbname,1
remoteserver,4
remoteservername,1
remotolocal,1
renalplus,1
rent,10
rentacar,8
rentalease,1
rentalworks,4
reo,13
repartition,7
repdev,4
repit,77
replicacads,12
replicacionsigob,1
replicacrmdb,1
replicated_database,2
replicatedvs3,1
replicationlayer,4
replmonitor,1
report,11
report2011,3
report_sharepoint_site,1
reportdb,15
reporter,5
reporting,72
reporting2,1
reporting_db,1
reporting_db_hre,4
reporting_db_spkpi,2
reporting_ods,1
reporting_oms,9
reporting_operations,1
reporting_system,1
reporting_warehouse,12
reports,32
reportserver,166
reportservertempdb,12
repositorycosd,1
repoting,1
representatives,1
repserv,4
req,7
request,1
requestdb,1
reservation,19
reservationhasworkingplace,2
reservations_live,2
residazemaster,4
residual_stage,1
resnet_mysql,14
resolveconfig,1
resource,1
resources,23
response,1
restaurant,1
restaurant_time,1
restaurantdatabase,2
restaurants,2
restoredb,3
restoreddb,3
restrictedaccess,4
result,1
results,1
resumestore,5
retail,3
retaildb,1
retailsoft,1
revenueanalytics,2
rewards_snapshot_2471,6
rezidor_5,5
reznvod01,7
reznvwb01,2
rezp8od01,2
rf_bio,4
rf_world,1
rfd,3
rfd_new,2
rfdc,2
rfdc_2015,1
rfdc_archive,1
rfttest,1
rhehdv,4
rhn_process_sciences,1
ridtl,1
rioods,9
rioreport,2
rissxplr,1
riteqdb,3
ritualdb,1
rkyv_mdw,1
rl_ship,7
rlcconvertor,1
rlhistory,30
rm_archiv,1
rme,3
rmis,2
rms,26
rms2015,1
rmsg,1
roadroutingdatabase,6
robbinsuatlatest,14
robi_1,3
robi_contest,1
robotics_optics_mechuat,42
robotics_optics_uat,9
rockefeller_applicationdb,3
rockefeller_securitydb,3
rohangame,1
rohanstat,1
role,1
rolecall,4
roles,3
rollupreports,1
room,1
roomsignup,4
root,1
rops,1
rows,1
rp,3
rp_irp,2
rp_v1data,2
rps,1
rpstage,4
rptchange,2
rptdata_monthly,8
rpto,1
rptsys,3
rrhh,4
rs,5
rsbi,1
rsbizware,6
rsn_core,22
rstudio,1
rsvp,1
rswh,2
rt2dbsql_review,1
rt_ipoikaz_ods,1
rtam,10
rtg,6
rtidatastore,24
rtime_logs,2
rtopv4history,1
rtuspray,18
ru,1
rud,1
rueschlink,7
run_data,1
rune_master,1
runtime,55
rusguarddb,1
russoundgeneral,6
rx_billing,11
rxdatabase,2
rxdb,1
rxmon,8
rykoplus,1
rz37883_sqlserver,1
s,14
s062f7ar,4
s1,2
s1002,1
s103ec55,5
s10f8dcp,1
s10m10,14
s15guest59,1
s2,3
s2002,1
s2151bdw,3
s216f06v,4
s60017,1
s_db,13
sa,3
sa_membership,2
sa_sew,1
sab,31
sadev,3
saexmark,8
safestore,1
sagecrm,3
sagel50_46772,9
sagenda_x1,1
sagestaging,1
saiv,1
sakila,4
salarydetails,1
saleit_db_danone,1
sales,56
sales3,1
sales_dtm_pbi,2
sales_import,3
sales_lead,2
salesdata,1
salesdatademo,1
salesdbsnapshot,4
salesdm,3
salesdm2,3
salesdwh,6
salesforce,14
salesitem,1
saleslogix,3
saleslogix_dev,3
saleslogix_production,48
salesmanoffice2,1
salestrainingdw,4
salestrainingstage,4
salto_space,1
sam,4
sambadata2,1
same_database_name,1
sami_main,11
sample,7
sample1,1
sample_data,1
sample_db1,1
sampledata,1
sampledb,5
sampleretail,1
samplesystem,1
san,1
sandbox,37
sandbox1,1
sandbox2,1
sandbox_db,1
sandboxmr,12
sandboxvinny,2
sanitised,1
sanketsales,17
sanketuniversal,16
sap,21
sap_licensing,14
sap_prod,37
sap_replication,1
sap_riotango,6
sapa_soctemp_v1,14
sapccavenu,1
sapdata,1
saproduct,4
sapurchaseorder,2
sapuv2,1
sarmem,1
sarnia,4
sastempdb,1
sastockdata,2
sastocklevel,3
sat,1
sateon,14
satvrs,18
saveimage,39
savez,1
sb,2
sbaintranet,2
sbm01,4
sbomarmovidro,28
sbr,7
sbs,91
scada,1
scadacustomerhistorical,1
scadata,6
scala,1
scalamx,9
scans,2
scasset_mscrm,3
scd_desti,1
scd_source,11
scdq,4
sch,8
schama1,1
sched,2
schedudb,1
schedule,3
scheduler,1
scheduler_v3,1
scheduling_data,2
scheduling_employee,6
schema,22
schema_example,1
schema_name,14
scheme,1
school,5
schoolerp,1
schools_classes,4
sciohist,1
scirra,28
scity,1
scmd3,2
scmdb,15
scorecard,1
scot_iq,6
scoutserver_data,7
scpl,2
scratch,11
scratchdb,1
screen,1
scs,4
scs_fm,5
scsqlpc,4
sctracking,5
scv_build,6
scyk,1
sd,15
sdcdev,6
sdctuest,8
sde,7
sdetst,1
sdev,1
sdfdemo,2
sdfdw_landing,7
sdi,25
sdidw,1
sditriage,1
sdp,12
sds,1
se2fast,7
sean,1
searchoc,1
season,1
seasondb2,1
sec1_mscrm,1
sec_b,12
sec_e,11
second,4
second_bdd,1
secondary_sales,5
secondarydatabase,1
secondarydb,1
seconddatabase,1
secondlifedatabases,3
sections,3
security,1
securityplatform,30
securityrepository,3
seek,1
seg,1
sekuretime,1
select,17
selectdb,1
selecthr20,4
selection,5
selenium_test_db,1
self,8
sem_db,1
seminars,2
sendarchive_92,5
sender_database,1
sensordb,1
sensu,2
sentilan2,2
sep_versions,1
seperatedb,3
sepidar01,2
ser,1
seredixserver,2
serene5_default_v1,2
serializable,1
serialsdb,7
serv,18
server,49
server01,10
server02,11
server1,16
server103,2
server2,4
server_name,1
server_name_here,1
server_production,1
server_test,1
serverb,1
serverdatabase,2
serverdb,2
serverdbo,1
serverhealth,1
servername,12
serverops,8
serversystemdb,1
service,2
servicemanagement,1
servicemanager,23
serviceparts,2
services,1
servicestation,2
serviceworkorders,6
servlet,1
ses,3
ses_users,1
session4,2
session6,1
settings,2
settings_,1
seuhabob,11
seuhatg2,6
severe_logs,1
sf,2
sfax,14
sfckm,2
sfdc,1
sfdcprod,8
sfonprem,4
sfs_test,1
sfs_test2,1
sg_hours,1
sgdb,20
sgdb1_dat,13
sgmentia_temp,1
sgw,25
sh94,2
shahrdariproject,2
shakespeare_works,1
shared_tables,1
shareddata,9
shareddb,3
sharedservicesdemo,8
shares,1
shattkudlerfinefoods,3
shellplus,8
shinydatabase,1
shipcompanies,10
shipping,3
shipserver,6
shipworks,59
shipworksdefault,1
shiva,4
shop_benelux_2012,1
shop_canada,1
shop_usa,1
shopping,1
si,1
siberia,1
sicaf2,47
sidney,1
siebel,1
siebeldb,8
sigmapatri,7
signal,6
sigweb,40
silver,1
silverdb01,6
silverlake,3
silviowangler,1
simcarddata,1
simpkbl,10
simplehr,1
sinc,1
sinq,7
sip,48
sipassapi,1
sirssoctonlineforms,1
sis,18
sis_test,3
sisinfo,3
sisunittest,1
site,2
sitecore2018,13
sitecore_bibliotheekmb_krantenknipsel,1
sitecore_webforms,1
sitelive,2
sites,1
sitewatch,4
sivsys,5
sixbit,3
sixbit_bt,1
skillmanagement,2
skillsdb_dev,5
sku,5
skull,4
skullbase,8
skyline_data,2
skynet,5
sl_m03kne,2
sl_ntel_db_live,7
slacsis_slm,6
slams_sql,3
slave,1
slice,1
sliitcomdb,1
slsales,1
sm,1
sm70prod,7
sm_live,9
sma,2
smalldatabase,7
smart2uat,20
smartadmin,3
smartcm,13
smartdistributortoy,1
smartfriends,1
smartmeister,1
smartroadmangement,5
smartsearchnewqa,9
smartswype,2
smarttapp,1
smbm_dbpelj,7
smd,3
smf_data,2
smfdata,1
smft,1
smi,7
smileweb_live,4
smp,3
smr_database,1
sms,9
sms_obj,2
smsgps,1
smsphdsss0x0,14
smsserver_1,6
smv,1
sn,5
sn_male_quest_2018,1
snacks,1
snappermusic_winman,23
snapshot,1
snapshotsch,2
snhuleads,1
snipp_receipts,2
snowflake_sample_data,1
sntranet,1
so,1
soadb,1
soarian_clin_prd_1,7
soba_live,2
soccer_analytics,1
soccer_database,1
soccerdata,8
socialdb,1
socialmedia,5
socon,2
soft8exp_client,2
soft8exp_client_web,2
soft8exp_server_44,1
softlanderp,16
softripnettest,18
softwareplanner,1
solar,9
solarwinds,10
solarwindsorion,8
solarwindsorionlog,6
solstein,2
solucioneskuali,5
som5,6
some_database,2
some_db,8
somedatabase,11
somedatabasename,1
somedatabasetest,1
somedb,53
somedb_1,1
somedb_2,1
somename,1
something,1
sone,1
sonic,1
sonora,2
sophos551,5
sos,2
soss,1
sostenuto,5
source,51
source01,5
source_db,7
source_db1,1
source_db_name,3
source_nap,1
sourcedata,6
sourcedatabase,4
sourcedb,24
sourcedwhtemp,1
sourcefeed,20
sourcelinkedserver,1
sources,7
sourceservername,1
sourcesql,2
sourcetempfca,10
sourcetest,11
southw,1
sp_agent_add_job,1
sp_agent_add_jobstep,1
sp_agent_delete_job,1
sp_agent_get_jobstep,1
sp_agent_log_job_history,1
sp_agent_start_job,1
sp_agent_write_sysjobstep_log,1
sp_bi,1
sp_profiledb,1
sp_rpt_svc,1
spabiz_mirror,1
space,13
spacetraxbi,8
spada,14
spada_fis,8
spark,2
sparkcrm_mscrm,35
spatial,1
spatial_test,1
spatialdata,2
spbu142071163,14
spc,2
spec,1
spectrum,10
speeltuin,1
spi,1
spicemeister,6
spiderdb61,1
spidir2,14
spmp,3
spms,1
spms2,7
spo,1
spock,1
sportsbook,1
sportsstore,3
spotfirestaging,2
spotlightsql,7
spotupdate,1
spring,101
springbootprojectdb,4
sps,3
spv,9
sql,31
sql2005_552664_gsow,1
sql2016,16
sql3,9
sql_bms,1
sql_calc_found_rows,1
sql_database,1
sql_db,1
sql_no_cache,1
sql_svr_db,1
sql_testing,1
sqlalchemy,77
sqlazureserver,1
sqldata,21
sqldb,5
sqldb1,3
sqldb3,19
sqldbase,4
sqldim,6
sqlenv,1
sqliot,4
sqllib,1
sqlmonitor,29
sqlpractice,1
sqlqa2,1
sqlrepository,1
sqlsalesbi,11
sqlschema,8
sqlserver,2
sqlserver_3,2
sqlserverdb,2
sqlserverinformation,3
sqltest,1
sqltestdatabase,1
sqluserdb,1
sqlviewspro2eod,32
sqs,4
sr_hotel,1
sra,8
src,1
src_boss_entwicklung,49
src_db,1
srcl_xmltest,1
srdb,1
srdb_sr2_qa,5
srfeeddata_local,1
srm,30
srms_dam,1
sro_vt_account,2
sro_vt_shard,12
srv1,1
srv2,1
srv_b,2
srvr,5
ss_db,14
sshmain,1
ssi,13
ssis_temp,1
ssisdb,145
ssislogs,8
ssle,3
ssmain,5
ssrsreports,1
st,2
sta,1
stackexchange,1
stackoverflow2010,1
staff_manager,2
staffprofilestest,7
staffsurveyquestionnaire_2019,1
stage,30
stagearea,5
stagedb,24
stageelite,8
stageing,25
staging,81
staging_db,4
staging_db_b1,1
staging_hadiths,1
stagingdb,8
stagingplm,3
stagingwarehouse,2
standalonedwh,1
stantecusers,2
stardatabase,2
starschema,2
started,1
startstop,3
stas,2
stat,3
stat_dkb,1
stat_unitdata,3
statconst,1
state,1
statebar,16
statementsdb,5
static_reporting_lorenzo,1
staticdb,1
stationary,1
statistik2,11
statistikinlamningadminskl,1
statistikinlamningdataskl,4
statistix,1
stats,10
status,2
statusdata_dmwkspacedb,4
stbmz_ebankitmonitoring,1
std_app,2
stdr,1
ste,3
stepmirror,28
steps,12
sterlingbuild,11
stf,1
stg,1
stg_ojdt,5
stg_oshods_dw,14
sti,1
stiadmin_ets,3
stingray,1
stma_cm,13
stock,5
stock_database,1
stock_pleiade,2
stockdb,1
stockist,1
stockmanagement,1
stocks,1
stoerdaten,2
stof_infogen,1
stops,2
storage_dw,3
store,11
store1234,4
store_pricing,1
storebi_validation,1
storedata,2
storedb,1
storeops,7
storesql,31
storetestdb,2
stormevents,4
story,1
str,1
straight_join,1
strata,3
streamleadermaster,2
stresstest,1
strings,1
strip,1
strombergtest,8
strongmailtracking,2
strscollector_prod,1
student,4
student_management,2
studentassessmentmart,29
studentdatabase,6
studentdetails,1
studentmanagement,6
students,2
studentsys,1
studies_s_p_no_foreign,1
studysql,4
sub_category,1
subcontractors,2
subject_2,1
subjects,1
subs,1
subscribedbname,1
subscriberbase,3
subscription,4
subset,2
successfactorscensus,2
succession_tool,1
sucity,1
sugarcrm,2
sugarcrm_cmsru_dev,9
suimt,7
sumdb,7
summary,1
sunway_ap,3
superdashboard,2
supermarket,1
supersec,2
superventas,6
supplier,1
supplies_db,2
supply_chain,6
support,5
support60,17
supporttracker,10
supt_oper_anls_dw,14
surfwatcherendeavorstats,2
surveillance,20
survey,62
surveymonkey,1
surveys,3
sus_database_1,2
sus_database_2,2
susdb,14
svscentral,1
sw,2
sw_reporting,1
swa_live2,3
swat_v2_pll,2
swc_prod,1
swfc_project,1
swhd01,3
swhsystem,4
swims13,6
swmetrics,14
swpdm_engvault,6
swr,8
swta_hh,1
sx_appmts_db,7
sx_services_db,5
sx_tom_db,1
sxwag,1
sylvia,8
sym,3
symitarsolutions,3
synaptica,12
sync_database_bts,1
synergy,5
sys,3
sys030,10
sysdb,10
sysprocompanya,9
sysprocompanyc,4
sysprocompanyd,8
sysprocompanyh,7
sysprocompanyj,17
sysprocompanyr,16
sysprocompanyt,42
sysprocompanyx,7
system,51
system_mfpm,1
system_siteazure,1
systems,4
szkola,5
t,26
t0,1
t1,7
t2,1
t_student,1
tabcustomersaccounts,1
table,22
table1,21
table2,13
table5,1
table_1,1
table_catalog,1
table_qualifier,1
tablea,7
tableau,5
tableb,2
tablebackups,88
tablediff,1
tablename,2
tables,1
tablescoe,9
tableuser,1
tableusercharacter,1
tablex,3
tabularproject1,1
taclogdata,11
taktboards,4
tamir,1
tamsdev,1
tamsmvc,4
tamstest,1
tap,1
taqwaapps,1
target,2
target01,1
target_db1,1
targetdb,9
targetsql,4
tarif,4
tarshop,1
taskcentre_staging,1
taskmanagementsystem_db,6
taskmanager,1
taskno,1
taskresult,1
tasks,2
tatestelam,4
tatkal,7
tavl2,13
tax_ky,1
taxibookingonline,1
taxihistory,6
tb1,4
tb2,6
tbl,5
tbl_agent_event_json,1
tbl_category,1
tbl_income,1
tbl_quotes,1
tbl_rantsoen,1
tbldata,1
tbp,3
tbw_bi,4
tcpdump,1
tcpos4,16
tcs,3
tctdb,2
td_edd,2
tdb,2
tdis_417133,10
tdm_analysis,1
tdp_netops,8
tdschedule2,3
tdstorelocator,1
tec_app,1
tech_helpline,2
techadv,1
technicaldatabase,2
tecnologiagps_v2,1
tekijanka,7
telecom,1
telecoms,2
telemarketing,4
telenorassignment,1
telephonenumbermanagement,2
telephony,1
temp,30
temp_database,29
temp_db,10
tempconv,5
tempdatabase,4
tempdb,245
temporary,2
temptablescripts,1
temptest,4
temptestdb,1
tenor,1
teradiode,1
teriresearch,5
termquery,1
termquery2,1
territory,1
test,638
test001,9
test01,2
test1,23
test111,19
test2,34
test2tmadvisor5,4
test4,3
test5,1
test_abc,1
test_amo,4
test_app,1
test_auswertung,1
test_database,1
test_db,23
test_db42,2
test_def,6
test_eimdw_boj_reports,5
test_eta,1
test_hermes,1
test_maticnipodaci2,14
test_mim,2
test_new,1
test_org,1
test_sa,1
test_ugovori_prod,6
test_uswm_testautomation,2
test_v508_tes,8
test_ver,1
testbase,3
testbooks,6
testcommissions,3
testdabse,1
testdata,4
testdatabase,38
testdb,157
testdb2,1
testdb3,2
testdev,1
testdn,3
teste,3
testfamily,1
testfrom,4
testi2,10
testing,26
testing_env,1
testingdb,5
testmap,1
testmemberreports,1
testnewgroundapp,30
testp,1
testpackage,1
testpfedw,2
testpfeods,2
testresult,9
testrigdatatest,1
tests,2
testsat,1
testsfelix,1
teststaging,3
testsystem2,2
testsystemobb,9
testtable,1
testtasks,2
testto,4
teulon_test_app,1
teva,1
tevalifeforum,1
tfbo7,16
tfinance,5
tfp,1
tfs_configuration,1
tfs_defaultcollection,2
tfs_development,6
tfs_warehouse,37
tfw,1
tgmresource,3
tgpwebged,21
tgr3,2
tgt_db,1
th,2
that_database,1
thdocuworldrego,1
the_database,1
the_geo,1
theatrelive,10
thedatabase,77
thedb,8
theirdb,4
then,2
therefore,7
these,1
theserver,2
thing,2
third,1
this,11
thisismy,1
thor,4
thread,1
ti,1
ticket,1
ticket4you,1
ticketingvoting,1
tickets,19
tide,1
tigerdb,1
tigtest,11
till,3
tim,2
timcis,1
time,5
time_dw,10
time_out,1
timeandattendance,1
timeclockplus,9
timeline,2
timematters,3
timereport,8
timesheet_webservice,18
timesheetdb,5
timesheets,9
timestamp_organiser,1
timetracker,1
tims,1
tink,1
tinker,1
tips,2
tires,1
tiretrack,6
tixdata,9
tkcsdb,5
tkkcommondata,3
tkyht,1
tldcrm2,1
tlock,1
tls,13
tm,2
tm_fireriskassessment,15
tmdb,4
tmhtc_phr,1
tmp,6
tmp_clpud,2
tms,1
tmseprd,7
tmsfinal,3
tmwebforms,1
tnicln2,14
to_bdb,1
tobias_ax_masterzws_test,2
tobros_cwt,6
toc,1
tod,7
todd,1
together,1
tol_prod_db,1
tom,1
tombamento,1
tomcat,3
tomin,3
tomx3v6,6
toneexcel,1
too,1
tooldb,19
tools,4
topsdata,1
total,1
total_database,1
totaldw,2
tournament,1
toystoremanagement,1
tp1,1
tpc_crsys,2
trace,21
traceanalyzer,1
tracedata,2
tracedb,4
track_temp2,1
tracker,4
trackernew,3
tracking,4
tracking_server_db,2
trackit9_data,6
trackmanagementdatabase,1
trackmaps_whb,2
tracktrace,1
trade92,1
trade_tools,6
tradecloud,1
tradelog,4
trader7,1
tradereceivables_apr_ifrs9,1
tradespace,1
tradetable,7
trading,1
tradingcenter,9
trailblazerng,3
trailerloadingassistant,1
trainappdb,4
training,4
trainingdb,7
trans,2
transaction,1
transaction_id,1
transactionregister,1
transactions,1
transformations,1
transformer,1
transportapp,4
transportappv6,9
travel,2
travelenterdb,2
travelrequestform,1
traxx_supportb,2
trdw,6
treasury,1
treasury_tableau,1
trial,1
trident,24
tripinfo,1
trndb,6
trtf_taglogging,1
true,1
trueopportunity,61
truvle,2
try,1
trzic,1
ts_scada_digital,1
tsa400,15
tsch,1
tsdgreen,1
tsi_main,11
tsp1_dev,6
tsql2012,1
tsql2012_jones,1
tswdata,5
tsxvprices,1
ttds,2
ttmm,1
tts,2
ttt,1
tune,1
turbinelayout,1
tv_clientportal,10
tvmagazineplus,1
tvtraffic,6
twcl,32
tweets,1
twh,8
twisted,1
twms,18
twoltp,23
tx,1
txtjvno,1
type,1
typematrix,1
tzraw,2
u,3
u3_data,2
uandmeprod,6
uap,2
uat_db,1
ubs,1
uc_maint_maintenance_db,1
udw_data_dictionary,10
ufc,1
ufpdata,11
ugtickets,1
ui,1
uictransfer_archive,27
uir_db,2
uitwissel,5
uk,22
uk_app,1
ukrmc,26
ukstreetsandplaces,5
uktst1633,21
ul_slhev,1
ultimo,3
ultipro_mdusg0002,1
ultipro_mdusg0027,1
ultipro_mdusg0028,1
ultipro_mdusg0050,1
ultipro_mdusg0051,1
ultipro_mdusg0071,1
ultipro_mdusg0072,1
ultipro_mdusg0073,1
ultipro_mdusg0074,1
ultipro_mdusg0075,1
ultipro_mdusg0076,1
ultipro_mdusg0077,1
ultipro_mdusg0078,1
ultipro_mdusg0079,1
ultipro_mdusg0080,1
ultipro_mdusg0081,1
ultipro_mdusg0082,1
ultipro_mdusg0084,1
ultipro_mdusg0089,1
ultipro_mdusg0090,1
ultipro_mdusg0091,1
ultipro_mdusg0096,1
ultipro_mdusg0155,1
ultipro_mdusg0156,1
ultipro_mdusg0157,1
ultipro_mdusg0158,1
ultipro_mdusg0159,1
ultipro_mdusg0182,1
ultra,2
ultratrips,1
ulysse,1
um,11
umms,7
underlying,2
understanding,1
ungerboeck,14
unicare,3
unid,1
unikl,1
unimportant,1
union,2
unit,1
unitdatabase,28
unitesnapshot,49
university_id,1
unnik,1
uoc_inventory,2
upccodedatabase,3
updatddatabase,5
update,2
update_backups,5
uplsalesp,1
us,1
usa,1
usage,9
usbi_dw,2
usecrm,2
user,9
user1,2
user_db,3
user_params,1
user_prop,1
user_sandbox,4
user_vote_3,1
userdata,6
userdb,9
userdbjhv25,8
userfile,1
username,1
userpoint,1
users,5
usersdb,7
usesidw_fastaccess,3
usga_dw,3
usga_stage,3
usic,1
usicoal,29
usstock,1
ustore,7
utilities_66_demo,1
utooldb,2
uwepicclarity,8
v,3
v1,1
v1data,7
v2,1
v30,30
v3_priva,2
v4,1
v6,1
vacation,1
validating,1
validationdatabase,2
valuations,4
value,1
value3,2
value4,1
values,5
van_doctor,2
van_setting,5
vansoalertdb,1
vantagepointclr,1
vantive,28
variance_cash,1
varonis,6
vaxxtracker,3
vbos_billing_tsp_cnv_staging,1
vbos_tsp,1
vbstest,3
vcaredata,1
vcenterserver,23
vcr6_prod,8
vcs,2
vdb,1
veeambackup,1
veen,1
vega_mscrm,7
vehicle_data,1
vehicles,1
vehicleservice,1
velocifydb,9
velocity,19
velvet_elves,2
vendmanager,15
vendor1,3
vendor2,2
vendors,1
venturaqc,1
veronicas,1
versioncontrol,4
verteda_rts_v4,2
ves,2
vfm6010061v960p,3
vg3,1
vgnsalto,1
vgsdb,1
vh_datawarehouse,1
vha,2
vibrantmas,5
video,16
videoserver,1
viewpoint,59
views,1
vigness,1
vims,2
vision,32
vision17slitter,3
vision7,4
vision_2020,3
vision_2021,1
vision_prod,1
visiondemo,4
visiontst,1
visit,1
vispr,13
vista,32
vistaho,3
vistait,4
vivo_mais,4
vj1,1
vlastuintest,6
vm,4
vm03801,9
vm1dta,1
vm_cipl_9aug_2016_nav2013r2,17
vmars,3
vmfg,4
vmfg9,3
vmfgtest,31
vmwaresm_test,3
vnd,3
vnodat,1
vnpoller,3
voiceflexbilling,5
volare_2005,2
voltage,1
volumedrivers,1
volunteers,1
vortex_hvc,17
vpm,1
vrnsdomaindb,2
vru_datawarehouse,1
vsreceivesend,8
vsro_shard,1
vsservices,3
vstl,1
vstx,5
vtresdb,1
vts_demo,2
vulpith_test2,1
vwsa_sewells,1
w,6
w07,1
wac,1
wagon_loading,1
waiter,1
waitingroom,1
wallchart,7
waples,17
wapmaster,6
war_db,1
warehouse,58
warehouse_lmg1,3
warehousedatabase,5
warehousedb,1
warwick,1
wasp_mart_embassyactuarial,1
wasptime,6
watch,1
watchdocstats,8
watchlist,6
wbi_pods_prod,1
wbpc_mes_integration,2
wbseb,1
wc_team,1
wcr_sales_zip_info,1
wdhrisedw,1
we_ci_db,1
wealthyfootballclubs,2
weather,1
weather_data,1
web,12
web_repository,6
webapp,12
webcatalog,16
webcontact,2
webdata,11
webdb,4
webdbs,1
webdet99,2
weberp,7
webhelpdesk,1
webloan_helper,1
weblog,1
webmembership,3
webpm_copy,2
webservicemgt,4
website,1
website_interactive,1
websitedb,1
websiteica_sf,1
websp,4
websvr,4
webv2,1
weight,1
werknemers,1
wf_1,2
wfcdb,5
wfsupport,1
wh,42
whanalysis,6
whatsup,1
whdata,8
when,1
wher,1
where,11
white_box_gaming,1
whreporting,23
wicirclesearch,1
wideworldimporters,5
wideworldimportersdw,1
widgethistory,9
widgetid,1
widgetsandbox,14
wiesedata,88
wiki,1
wiley,1
will_database,5
wims_sql,1
wincc,15
window,1
windows,5
windows7data,1
wine,1
winman,20
wintest1,2
wip,4
wish_bap_sa01,1
witestco,6
with,1
wlsystem,1
wm01db,1
wma,1
wms,2
wms_mcp,1
wms_us,9
wojtgroup,1
wombat,1
wooderso_wsms,5
woodproduction,20
woodproduction_new,9
wordnet,3
wordsdb,2
wordset,1
work,6
work_old,1
workamajig,25
workdb,8
worker_snapshot,2
workflow,2
workforce,1
workgroupshare,11
workingtemp,3
workinstruictionmanagerdb,6
workplace_base,12
works,1
worksheet,2
worksheet01,1
workview,8
world,5
worldevents,9
worldlocation,1
wp_database,1
wpb1,4
wplabor,9
wrenchtime,7
writedb,2
wrk,10
ws6,1
ws_live,3
wsb_mart,9
wsb_stage,11
wsite,3
wspace,7
wss_content,4
wss_content_apt,7
wtdata,1
wundermahndb,1
ww_test,3
wwalmdb,2
wwalmdbarchived,3
wwebsite,2
www,5
www_auxmod,4
wwwscm,1
x,83
x04180,1
x10ddata,1
x3distributor,3
x3v11,22
x3v6,80
x3v64,47
x3v7,3
x3xx,1
x_rpt,1
xdatabase,5
xds,1
xerex_test,5
xls,3
xmlcdatatest,1
xmltest,1
xmpdbhds,5
xperdyte,1
xpnightly,1
xpressfeed_dev,113
xptoprimary,7
xptosecondary,8
xref_lib_impl,1
xt,2
xtarchive,2
xx,28
xx_prod,1
xxx,97
xxxx,22
xxxx_dwh,1
xxxx_snapshot,4
xxxxr,3
xxxxx,2
xxxxxx,36
xxxxxxx,3
xxxxxxxx,1
xxxxxxxxxx,1
xxxxxxxxxxxx,1
xxxxxxxxxxxxxxx,1
xyz,9
y,15
yeargroup,2
yellowcard_newdesign,1
yield_reporting,2
yoda_lat,1
yotk_wh_trace,4
yourdb,1
yourtube,1
ypolive_integration,1
yyy,4
z,10
z2datacore,6
z_ali,3
z_odv_17,1
z_publicdb,2
zac2,1
zainjta,1
zan,1
zcredifiel,4
zcussjc,1
zealchain,1
zen,1
zend,1
zero_balance,6
zicucfbu_mis,1
zmarch12campaignsrestore,6
zmfs_itops,7
zoombi,3
zper,1
zpvendors_kim,2
zs_cs_evo_integration,1
zswin,2
zt,1
ztepro,4
zultime,1
zz,1
