[#TümDATA],5
[@CRSR_FİRMA_ADI],1
[@CRSR_FİRMA_KODU],1
[@CRSR_ORT_GECİKME_GÜNÜ],1
[@CRSR_TARİH],1
[@CRSR_TOPLAM_BORÇ_BAKİYENİZ],1
[@CRSR_VADESİ_GELMEMİŞ_BORÇ_BAKİYENİZ],1
[@CRSR_VADESİ_GEÇEN_ÖDEME_TUTARI],1
[@CRSR_firmamiz_EPOSTA_ADRESİ],1
[@CRSR_firmamiz_POZİSYON],1
[@CRSR_firmamiz_YETKİLİ],1
[@CRSR_firmamiz_İLETİŞİM_TELEFONU],1
[AbZugänge],1
[Abgänge],4
[Adhérent],1
[AdresseListeBioAnlæg],2
[AgențiȘcoliCorn],1
[Aktivitäten],7
[Année],1
[Aprēķins],1
[Assurés - Contrats],2
[Assurés_Liens],2
[Aufträge],2
[Avaliação],3
[BE België$Cities],1
[BILÄGARE],1
[Bemærkning],1
[BildHinzufügen],1
[Bådpladser],3
[Böcker],1
[COMPAÑIA],3
[CONSULTA DE VFV INSERIR PEÇAS],2
[Cartão],1
[Catégorie],3
[Compatibilità_detergenti],5
[Compañia],1
[Contusión hemorrágica],1
[Cálculo_Remanentes_OT],3
[Código],1
[Depósitos],2
[Descripción],2
[Diák],2
[Documentación],1
[Données_mine],1
[Données_moulin],1
[Dział],1
[Dzień],1
[Dátum],1
[Détails commandes],2
[Einkäufe],1
[Empfänger],1
[Employée],8
[EquipmentСategory],1
[EtatyWypełnioneWoj],3
[Etähallintajärjestelmät],1
[Expéditeur],4
[FHAngehörige],1
[Fremført],1
[Funcionário],2
[Födelsedatum],1
[Företag],13
[Förnamn],1
[Gruppelærer],1
[Histórico Lin_Factura Venta],3
[Hoạt động],1
[HöjdKortvågVänster],1
[INGÅENDEANALYSX],1
[INGÅENDEANALYS],3
[INSÄNTMATERIALX],1
[INSÄNTMATERIAL],2
[IdBibliothècaireEmp],1
[IdBibliothècaireRendu],1
[IdBibliothècaire],1
[Indkøbsliste],3
[Infirmière],4
[Instituição],1
[JERARQUÍA SOCIOS],1
[JogadoresEstatísticasBrutas],1
[KULLANİCİLAR],1
[Kostengefässe],2
[Książka],1
[KullanıcıAdı],1
[Kupující],1
[Kurstillfälle],2
[KódMateriálu],1
[KønAlleElevID_V],1
[LigneBonEntréeWHERE],1
[LigneBonEntrée],2
[Localités],1
[Lot-Prix-Delai Requête],9
[Lägenheter],1
[Lägenhetsnr],1
[Lärare],2
[Lån],1
[Lånetagare],1
[MATRICULACIÓN],1
[MacroAttività],1
[Matriculación],2
[Matrícula],2
[Målsman],3
[Mærke],11
[Należy],1
[Nätdata],1
[ObčaniaSR],1
[PREKĖ],1
[Pensionär],1
[Preço],1
[PrÃ],1
[Prüfung],1
[Prąd],1
[RaumÄ],1
[Rheinlandstädte],1
[RèglementsDet],1
[Règlements],1
[Réf],1
[SIBA_Città],1
[SatisSatirları],3
[Schätzpreis],1
[Schüler],1
[SkladVýdajMateriál],1
[Slovník],2
[Sprzątanie w dany typ dnia],1
[Straße],1
[Stämplingar],1
[Sætning],1
[Sépar],1
[Søknad],1
[SınavOgrenci],2
[TBL_ÖDEME_TALEP_MAİL],1
[T_PROPOS_Duplikate_löschen],4
[Table_de_correspondance_Galiléi],2
[Table_pg_FlextidsopgørelseGlUdgave],5
[Tablé],1
[Thông báo],1
[Transección medular],1
[Turbopompes Numéros],1
[Tレイヤ管理],1
[Ungültiger],1
[UserLanguаges],1
[UŽSAKYMAI],1
[Véhicules],1
[VýrobkyMateriál],1
[Výrobky],1
[Yayınevi],1
[YeniKrediKullanımı],1
[Zboží],1
[Zugehörigkeiten],2
[Zákazky],1
[_ERP_재고],2
[_ΠΕΛΑΤΕΣ_ΚΕΝΤΡΑ_ΧΡΕΩΣΗΣ],1
[agentūros],2
[année],1
[anställda],4
[artiklar_anställda],2
[attivitàformativa],1
[beställning],1
[bilägare],4
[búgatás],1
[cineaști],3
[città],1
[congé],12
[contraseña],2
[créera],1
[database_geräte],3
[dbfécondation],1
[descripción],1
[donnée_utilisateur],3
[dæk],3
[effectuée],1
[employée],2
[employées],1
[employés],5
[endereços],1
[flügehin],1
[funcionários],1
[fäää],1
[försäljning],1
[große],1
[großhandelsfirm],1
[großhandelsfirma],4
[grupė],3
[généalogie],1
[harförmåga],3
[havuzAracıFormu],1
[idOperação],1
[insättning],4
[išlaidos pajamos],3
[kapazitätsgränze],1
[kayıtlar],1
[kilométrage],1
[kjøper],1
[kontoägare],1
[location_Antérieure],1
[lägenhetsnummer],1
[läggtill],7
[lærer],5
[lúc],1
[lại],1
[matiereunité],3
[matriculación],2
[matrículas],2
[mst仕入先],1
[målsman],2
[naročila],1
[niezgodność],1
[nitrоboost],1
[no_Modèle],1
[nombre_Mensualité],1
[numéro_Teléphone],1
[náhledu],1
[obrázku],1
[organização_rh],4
[parenthèse],1
[país],1
[películas],1
[person_bauträger],2
[personaattività],1
[prekės],8
[premii_obținute],2
[preço],1
[preñadas],1
[prénom],1
[prénom_Nom],1
[prüfen],1
[påmelding],1
[pétoncle],2
[póliza],3
[qryAktuelleSchülerbilder],2
[qryFunktionen_Übersicht],28
[qryPallställDetails],7
[quantità],1
[rendaxeducação],1
[restricción],1
[räume],1
[réserve],1
[résultat],1
[spécialité],1
[stage_närvaro],14
[tbFunktionen_Übersicht],2
[tblSchülerbilder],2
[tblStückliste],1
[tbl_Employés],7
[tillhör],1
[titulación],1
[unità],1
[uçuşlar],1
[v_imp_närvaro],10
[vào],1
[vérifiez],1
[werkzeugführung],1
[zawód],1
[zawód_id],1
[zawód_pensja],1
[zawód_rodzaj],1
[zawód_stanowisko],1
[zugänge],1
[zurückschreibendatas],8
[zásilka],2
[Àctual],1
[ÂÂÂÂ],1
[Ärende],1
[Ärendet],3
[Équipe],2
[Ögon],2
[Übersicht_Woche_RAP],1
[Übersicht_Woche_RAP_103100],1
[à],1
[åpåpå],1
[òrder],1
[øvelser],1
[ùåøåú ú÷áåìéí$B10:K32],4
[ürünler$],1
[ČíselníkMateriál],1
[İsim],1
[ıtems0_],17
[Βιβλίο],1
[ΟFFER],2
[АбсолютноеИмяФайла],1
[АвтоБалансировка],1
[Автомобили],1
[Автомобиль],1
[АдресДоставки],1
[АдресПерегруза],1
[АдресаДоставки],1
[БалСтатья],1
[БалСтатьяКуда],1
[БалСтатьяОткуда],1
[БанковскиеРеквизиты],1
[БратьНастройкиИзДругогоТипаПроцесса],1
[Брэнд],1
[БухСчет],1
[БухСчетФункцииИмеетПриоритет],1
[В],1
[ВСостояние],1
[Важность],1
[ВалютаНДС],1
[ВалютаПроцесса],1
[ВалютаПроцессаИмеетПриоритет],1
[ВариантУчета],1
[ВерхнееПредставление],1
[ВидДеятельности],1
[ВидКурсаРасчетов],1
[ВидРезерва],1
[ВидРезервирования],1
[ВодительЭкспедитор],1
[ВремяДоставки],1
[ВремяИзмененияСостояния],1
[ВремяСборкиПо],1
[ВремяСборкиС],1
[ВыгружатьВ1С],1
[Выезд],1
[ВысотаВерхнегоФрейма],1
[ГТД],1
[Дата1],1
[Дата2],1
[Дата3],1
[Дата4],1
[Дата5],1
[Дата6],1
[Дата7],1
[ДатаВыверки],1
[ДатаДвижения],1
[ДатаДействияЛимита],1
[ДатаКурсаРасчетов],1
[ДатаНачала],1
[ДатаПриложенногоФайла],1
[ДатаУстановкиСкидки],1
[ДляСозданияПроцессаИспользоватьПодфункции],1
[ДокументРезерва],1
[Документы],4
[Документы_Позиции],6
[ДокументыВозвращены],1
[ДопПризнак],1
[ДрайверЗатрат],1
[ЕдИзм2Куда],1
[ЕдИзм2Откуда],1
[ЕдИзмДляИнвентаризации],1
[ЕдИзмКомиссии],1
[ЕдИзмКуда],1
[ЕдИзмОткуда],1
[ЗабратьВозврат],1
[ЗабратьДолг],1
[Завершен],1
[Заказ],1
[ЗаказПроцесс],1
[ЗаказРезерв],1
[Замок],1
[ЗамокЭлементаСБ],1
[ЗаписьСРазнесеннымиЗатратами],1
[ЗнакОтклонения],1
[ИзСостояния],1
[ИзделиеПоСпецификации],1
[ИзменившийСостояние],1
[ИзменяетСостояниеДляПроцесса],1
[Имя],1
[ИмяПриложенногоФайла],1
[ИнвентаризацияПоЕдИзм],1
[ИнвентаризацияПоМодификациям],1
[ИнвентаризацияПоПартиям],1
[ИнвентаризацияПоСБК],1
[ИнвентаризацияПоСотрудникам],1
[ИнвентаризацияПоСубъектам],1
[ИндивидуальнаянастройкаПриоритетаПартии],1
[Инициатор],1
[Исполнитель],1
[Категория],1
[КемУстановленПриоритет],1
[КлассЗаписи],1
[Код],1
[КодЗаписиСРазнесеннымиЗатратами],1
[КодНоменклатуры],1
[КодПодсистемы],1
[КодФилиала],1
[Колич2Куда],1
[Колич2Откуда],1
[КоличКуда],1
[КоличОткуда],1
[Комментарий],1
[КомментарийВодителя],1
[КомментарийСклада],1
[КомментарийУсловиеРасстановкиПартий],1
[КонечныйАдрес],1
[КонтактПерегруза],1
[Контрагент],1
[Маршрут],1
[МаршрутС],1
[МастерСоздания],1
[Менеджер],1
[МенеджерСМ],1
[Местоположение],1
[МетодикаПартионногоУчета],1
[МогутБытьТипичнымНапрДеятельности],1
[МодификацияКуда],1
[МодификацияОткуда],1
[Наборщик],1
[НабратьК],1
[НадпПроцесс],1
[Название],1
[НачалоПребыванияВЗонеОтгрузки],1
[НашеПодразделение],1
[НашеПредприятие],1
[НеОбновлятьИсториюИзмененияВажности],1
[НеОтображаетсяВДереве],1
[НеПорождаетПроводки],1
[НеФиксироватьИсториюПереходов],1
[НеФиксироватьНулевуюНормЦену],1
[НеЯвляетсяАналитикой],1
[Номер1],1
[Номер2],1
[Номер3],1
[Номер4],1
[Номер5],1
[Номер6],1
[Номер7],1
[НомерЗаказа],1
[НомерКарты],1
[НомерМеста],1
[ОбщЕдИзм2Куда],1
[ОбщЕдИзм2Откуда],1
[ОбщЕдИзмКуда],1
[ОбщЕдИзмОткуда],1
[ОбщПроцессКуда],1
[ОбщПроцессОткуда],1
[ОбщСтатус],1
[ОбщийВес],1
[ОбщийОбъем],1
[Объект1],1
[Объект2],1
[Объект3],1
[Объект4],1
[Объект5],1
[ОкончаниеПребыванияВЗонеОтгрузки],1
[Основание],1
[ОснованиеВозврата],1
[ОснованиеЗаявка],1
[ОснованиеПроцесс],1
[ОснованиеРезерв],1
[Ответственный],1
[Отгрузил],1
[ОтгрузкаКуда],1
[ОтгрузкаОткуда],1
[ОтключитьАвторезервирование],1
[ОтключитьОкругления],1
[ОткрыватьКартотекуТиповПроцессовБезИерархии],1
[ОткрыватьПроцессВОтдельномОкне],1
[ОтображатьВЗакладкеПроцесса],1
[Партия],1
[ПартияАвтоматически],1
[ПартияВручную],1
[Перевозчик],1
[ПереданВБухгалтерию],1
[ПерепечататьДокументы],1
[ПечатныйНомер],1
[ПланСрокЗавершения],1
[ПодбиратьОкно],1
[ПоддерживаетсяШтрихСканер],1
[Поз_Число1],1
[Поз_Число2],1
[ПозФлаг1],1
[ПозФлаг2],1
[ПозицияРазнесена],1
[ПозицияРезерв],1
[ПоказыватьКнопкуЗакрыть],1
[ПоказыватьКнопкуОК],1
[ПоказыватьКнопкуОтмена],1
[ПоказыватьКнопкуПомощь],1
[ПоказыватьКнопкуПрименить],1
[ПоказыватьНавигатор],1
[ПолеПриоритетаПартии],1
[Посредник],1
[ПостфиксПроцесса],1
[ПравилоCF],1
[ПравилоPL],1
[Прайс],1
[ПредприятиеКуда],1
[ПредприятиеОткуда],1
[ПредставительКонтрагента],1
[ПредставительПосредника],1
[ПрефиксПроцесса],1
[ПриложенныйФайл],1
[ПриложенныйФайлОбщий],1
[ПриоритетРасстановкиПартий],1
[Проверяющий],1
[ПроцентОтклонКурса],1
[Процесс],4
[ПроцессЗатрат],1
[ПроцессКуда],1
[ПроцессМенеджер],1
[ПроцессНДС2],1
[ПроцессНДС],1
[ПроцессОткуда],1
[ПроцессПапкаКуда],1
[ПроцессПапкаКудаРезерв],1
[ПроцессПапкаОткуда],1
[ПроцессПапкаОткудаРезерв],1
[ПроцессПодразделение],1
[РаботаСНДС],1
[Работы$],1
[РазмерПриложенногоФайла],1
[РазрезыРасстановкиПартий],1
[Раскрыта],1
[РезервДатаНачала],1
[РезервДатаОкончания],1
[РеквизитДатаНачала],1
[РеквизитДатаОкончания],1
[РеквизитПериод],1
[РеквизитСозданияОснования],1
[РеквизитыБанкаПосредника],1
[РекламныйИсточник],1
[РесурсКуда],1
[РесурсОткуда],1
[СБК],1
[СБК_CF],1
[СерНомерКуда],1
[СерНомерОткуда],1
[СерийныйНомер],1
[СозданАвтоматическиДляПереоценки],1
[Состояние],1
[СостояниеОтгрузки],1
[СостояниеПроцесса],1
[СотрудникКуда],1
[СотрудникОткуда],1
[СохранятьПередПечатью],1
[Специальность],1
[Спецификация],1
[СпособКонтакта],1
[СпособХранения],1
[СрокГодности],1
[СтавкаНДС],1
[Статус],1
[СтранаПроисхождения],1
[СубъектКуда],1
[СубъектОткуда],1
[СуммаАкциз],1
[СуммаКол2Куда],1
[СуммаКол2Откуда],1
[СуммаКолКуда],1
[СуммаКолОткуда],1
[СуммаКомиссии],1
[СуммаЛимита],1
[СуммаНДС],1
[ТМЦ],1
[ТекстКомментария],1
[ТемаПомощи],1
[ТипДвижения],1
[ТипДопИнфо],1
[ТипОплаты],1
[ТипОтгрузки],1
[ТипОтгрузкиСсылка],1
[ТипПроцесса],1
[ТипПроцессаДляНастроек],1
[ТипСобытия],1
[ТиповаяОперация],1
[ТоварноеНаправление],1
[Транзакции],1
[УровеньКонфиденциальности],1
[УсловиеРасстановкиПартий],1
[УчВалюта2],1
[УчВалюта],1
[УчСтоимость2Куда],1
[УчСтоимость2Откуда],1
[УчСтоимостьКуда],1
[УчСтоимостьОткуда],1
[УчСуммаИзДокумента2],1
[УчСуммаИзДокумента],1
[УчЦена2Куда],1
[УчЦена2Откуда],1
[УчЦенаКуда],1
[УчЦенаОткуда],1
[ФиксированныйКурс],1
[ФильтрРесурсовДляРазнесенияЗатрат],1
[Флаг10],1
[Флаг1],1
[Флаг2],1
[Флаг3],1
[Флаг4],1
[Флаг5],1
[Флаг6],1
[Флаг7],1
[Флаг8],1
[Флаг9],1
[ФормаОплаты],1
[Функция],3
[ЦФО],1
[Цвет],1
[Число1],1
[Число2],1
[Число3],1
[ШтрихКод],1
[ЭлементСБ],1
[ЭтоГТД],1
[ЭтоЖесткийРезерв],1
[ЭтоЗаказ],1
[ЭтоПартия],1
[ЭтоПереоценка],1
[ЭтоПрайс],1
[ЭтоСерийныйНомер],1
[ЭтоСпецификация],1
[а],2
[б],1
[в],1
[г],1
[д],1
[ж],1
[з],1
[и],1
[й],1
[к],1
[л],1
[м],1
[н],1
[о],1
[обМестоположение],1
[обРесурсКуда],1
[обРесурсОткуда],1
[п],2
[пка_ТипДоставки],1
[пка_ТипОплаты],1
[пка_ТранспортнаяКомпания],1
[р],1
[с],1
[т],1
[у],1
[ф],1
[х],1
[ц],1
[ч],1
[ш],1
[щ],1
[ъ],1
[ы],1
[ь],1
[э],1
[ю],1
[я],1
[ם],1
[נסיון],1
[ש],1
[سر],1
[งปลา],1
[‘GA Dataset Name’ ],1
[„blk“ 2011$Purch_ Inv_ Header],1
[„blk“ 2011$Purch_ Inv_ Line],7
[仕入先コード],1
[仕入先名],1
[仕入先名カナ],1
[仕入先略称],1
[住所],1
[健保用藥品項查詢檔],7
[入金サイクル],1
[入金日],1
[削除フラグ],1
[受取人名],1
[口座番号],1
[国道],1
[学号],1
[成绩],1
[成绩表],1
[担当者コード],1
[支店コード],1
[更新日],1
[更新者],1
[業者コード],1
[現金コード],1
[税計算区分],1
[端数区分],1
[締日],1
[表示区分],1
[课号],1
[買掛仕入コード],1
[買掛経費コード],1
[郵便番号],1
[銀行コード],1
[電話番号],1
