[ DC ],1
[ File Index],3
[ Priority],1
[ Returns Data],1
[ Trading$Purch_ Inv_ Header],6
[ tbl_BBG_Out ],1
[ transaction ],9
[##FinancialsConcepts7FD96D75-FCDB-44B0-9DED-6FE0BC128982],3
[##People Table],1
[##temp table],1
[#Cleaned RMS BCM Leads],1
[#Count-11],3
[#Count-12],3
[#Count-13],3
[#Count-22],3
[#Count-23],3
[#Count-33],3
[#Pre-Request],1
[$Item Ledger Entry],5
[$Job Queue Entry],2
[$meter reading entry],3
[$service invoice line],4
[00 - Max Data Report ESALES],2
[00-AA],2
[00-AW],3
[000_Skalar_Daten],7
[000_Vektor_Daten],6
[001],2
[001_test],1
[003_tbl_ATM_Tables],1
[0050 Fix No Hit],2
[005_Customers_tbl],1
[0070 Home Age Factor],2
[00_Holiday],1
[00_SheetList-Revit-UNION],3
[0100],2
[017_WithdrawalsYTD_changelater],2
[017a_PolicyWithdrawalMatch],4
[017b_PolWpart2],2
[01Parents],1
[01_Data],1
[01_news_test],1
[01_umwelt],1
[01customers],1
[02 Jul 2015],1
[02-ActivePatientsQuery],1
[02-Query-Filter],5
[02Kids],3
[02_Month],2
[02_Tempi],6
[02_tEMPI],1
[02d1_NTS_Report_Structure],4
[03A_WorkOrderList],1
[03_Manif],4
[048115_PSDC],1
[04_Spec],3
[06],1
[0815GMBH$Item Ledger Entry],1
[0815GMBH$Item],7
[0815GMBH$Manufacturer],3
[0815GMBH$Purchase Price],5
[0815GMBH$Shop Item],4
[09PR],1
[09RE],1
[0A - Totalizador],1
[0CALDAY],2
[0CRM_PRCTYP],1
[0CUSTOMER],1
[0FISCPER],1
[0],7
[0_NumOfCode],2
[0_NumofBrand],2
[0_NumofCode],1
[0_bur_infopool],1
[0_numofcode],2
[1 - CURRENT RAW DATA SOURCE],1
[1 Clean Reasons],3
[1 EB Date Tests DT],5
[1 EB Date Tests DU],5
[1 PE],8
[1 Tracking],2
[1-74],1
[1-A],1
[1-CR-liste_Pixi],3
[1-ICB Daily Activity],13
[10 Jun 2015],1
[10-2015],1
[10-Digit Groups],3
[100 sal],1
[100],3
[100_Prts],2
[100_orders_open],1
[100b_Working],13
[101 am in],4
[102 am out],4
[1042sRegistration],2
[1042sTransactions],2
[10A G],1
[10_Departments],6
[10_Year_TBill_Rates],2
[11 Lab Data Detail],6
[110AG],1
[110b_RO_Component_Type],2
[110b_RO_Material_Category],2
[115 Procurement],15
[1234_CompanyA],2
[123_Qualification],2
[12DSA01F],1
[13-1302 Cut-Lengths],4
[14052017],1
[1558],1
[15MinDataRawStaging],2
[1607348182],1
[17-18],1
[173],3
[18Months],18
[18months],20
[1995_1],2
[1995_2],5
[1: Orders in the period],11
[1A - NDC_MSISDN],4
[1A - Paises],1
[1A-Gerecht],1
[1ACTMasterQuery],6
[1A],1
[1BigPicPackPref],2
[1HourTrace],1
[1L_Tests],1
[1LagoTest],4
[1Monday],2
[1PDTT],1
[1STCONNECTOR],1
[1Transactions],9
[1Volcar1],1
[1WEB],2
[1WorksTable],3
[1X Split],1
[1],3
[1_2_StaffAddsPart1],5
[1_2_StaffAddsPart2],4
[1_DISH],1
[1_Data_Set],7
[1_G_Name],1
[1_Hybrids],1
[1_MAIN - Contacts],31
[1_OnHand],1
[1_Tbl_Claim_Data],3
[1_Toyota_2013_mit_PFC_2],1
[1_Toyota_2013_ohne_PFC_2],1
[1_Webtime_By_Date],2
[1_tbl_Memberships],2
[1b Data MFF adjusted],3
[1c],1
[1estap],3
[1phTable],3
[1repdupecheck],1
[1soldQty],1
[1st query],1
[1stDeck],1
[1st],2
[1t],1
[1tblPERSON],5
[2 Letter Words],1
[2 Meter Net tbl],3
[2-B: Avg Prices by Customer],4
[2-B],1
[2-InternalPortfolio],1
[2-Matched Activity],1
[2000823317],2
[2000823318],2
[2006],1
[2007],2
[2007_EU_V2],4
[2010],2
[2010_Perfmon_MBX],1
[2011 Nurse Patient Index],1
[2011_2015_Employment],1
[2011_2015_Employment_raw],18
[201203151243164_Start],1
[201204191356197_Initial],1
[201205311312361_ChangeSet_1231],1
[20121202],5
[2012],7
[2013 yearly region inventory info],7
[2013$B4:D128],1
[2013$E4:I128],1
[2013$M4:M128],1
[2013$O4:P128],1
[2013$S4:S128],1
[2013$U4:U128],1
[2013-com-Nazioni-Def],5
[201310301258520_AddIdxToOutage],1
[201310],1
[201311111934210_AddRequestStatusToContext],1
[2014 Negotiated Rate],1
[201406020449030_initial],1
[201406050348083_AttachmentsContentFullTextIndex],1
[2014Logindata],1
[2014],5
[2015 E-Rate Projects],7
[2015 Negotiated Rate],1
[201504191608070_test],1
[201512141437137_FileContentByteArray],1
[2015Fenrolled16],1
[2015],2
[2015_11_Fund_Prices],4
[2015_1],1
[2016 Negotiated Rate],1
[20160104],3
[201604130907499_initial],1
[201611021534507_Initial],1
[2016Blocks],1
[2016Q4_VITALS_EXPORT_HEADERS],5
[2016Q4_VITALS_EXPORT_SERVICE],5
[2016_01_01_CAPMO],1
[2016_11_Fund_Prices],4
[2016_12_01],3
[2016_DEC],1
[2016_NOV],1
[2017 Calendar update],5
[2017 OpsData],12
[2017FrenchProjectData],3
[2017_Disenrollment_Date],1
[2017_Enrollment_Date],1
[2017_JAN],1
[2018-07-20],1
[2018-12ah],1
[2018Q3],2
[2018Q4],2
[2018],2
[2018_Disenrollment_Date],1
[2018_Enrollment_Date],1
[2018_Population_Table_CLARITAS],1
[2019 Learning],1
[2019_01],1
[2019_Disenrollment_Date],1
[2019_Enrollment_Date],1
[201_0000 - Get_nCOMS_201_Details],7
[201_0002 - Get_Agreement_Treats_Mapping],2
[202009252154324_UpdateKeyToLong],1
[202009],4
[20201124_lyticsAH3Year],1
[2020Q3_Enterprise_Exposure_Wind],1
[2020_Disenrollment_Date],1
[2020_Enrollment_Date],1
[2020students$],1
[2021 CCVL Draft],4
[20210209 Query-2],2
[20210209 Query-3],2
[20210209 Query],4
[2021_2022_tripdata],1
[2021_Disenrollment_Date],1
[2021_Enrollment_Date],1
[2021_history],1
[202201_tripdata],1
[202202_tripdata],1
[203],4
[21 Test Result],1
[210_Daily_Summary],2
[2290_Form],1
[2290_Vehicles],1
[23-SQL3000],1
[23B2C459-3D30-41CA-92AE-7F581F2535D4],1
[24 Hour Time],1
[24 months Trx raw data],2
[242_MO],3
[242_MachineWTS],2
[24C6B124-137C-4F06-B690-F80C0C0A1347],1
[24HourTrace],1
[29B1BDE8-3AD4-4576-8B76-3CAE83E10B11],1
[2GSLIG],1
[2G_KPI],1
[2HEADPERDAYFIGURE],3
[2HEADPERDAYPAY],1
[2X Split],1
[2XL],1
[2],8
[2_05],5
[2_Candidate Evidence records],1
[2_Costs],1
[2_DISH],1
[2_G_Name],1
[2_Hybrids],1
[2_Import_tbl_AWCDSU],2
[2_OnHand],1
[2_Onbase_NewVendors],2
[2_TF_Entries],1
[2_concatrelated],4
[2_import_VZW_tbl_SMTN],2
[2_output_lastPoll],3
[2c],1
[2estap],2
[2nd query],1
[2ndDeck],1
[2nd],1
[2repdupecheck],1
[2soldQty],1
[2t],1
[3 Month Query],2
[3-2017],2
[3-C],1
[30 on hand],3
[301 SF count of task],3
[303v850h],4
[30A G],1
[30Day_ChartReview],1
[32767],1
[329],3
[330],1
[33_TestImport],2
[360HRSurveyEmployee],9
[360HRSurvey],9
[3DContent],9
[3D_Benchmarks],4
[3D_Slugs],4
[3ECITI],1
[3F83ED76-8CC3-4B3D-936A-F528DEB6C045],1
[3Orders],4
[3S Company A_S$Item Cross Reference],4
[3S Company A_S$Item Ledger Entry],1
[3S Company A_S$Item Property],1
[3S Company A_S$Item],10
[3S Company A_S$Posted Invt_ Put-away Header],1
[3S Company A_S$Posted Invt_ Put-away Line],1
[3S Company A_S$Sales Header],1
[3S Company A_S$Sales Invoice Header],2
[3S Company A_S$Warehouse Activity Header],2
[3S Lagersaldo],3
[3S disponibelt for export],3
[3S i_bestilling],3
[3ShapeScanOrders],9
[3X Split],1
[3],4
[3_DISH],1
[3c],1
[3c_and_2c_Report_Multiple_customers],1
[3coldata],1
[3rd Party],1
[3rd table],4
[3rdDeck],1
[3rdPartyTable2],2
[3rdPartyTable3],2
[3rd],1
[3rdi_EventDates],5
[3rdi_EventParticipants],18
[3rdi_EventSignup],9
[3rdi_EventTypeDetails],3
[3rdi_EventsRolePrice],3
[3rdi_Events],5
[3repdupecheck],1
[3s Statusboard Customer],2
[3t],1
[4 GB table],1
[4-Open_Order_Summary],1
[40_AvailableDeps],2
[42000-176],1
[450533BB-43B2-499B-B2F7-094BFAE949B0],1
[47515001101],1
[499],1
[4c1917a7-2bab-4dbe-bb22-812a25a8930f],2
[4f91d358-fb7b-4f3b-8930-1b4aefce6d0b],1
[4repdupecheck],1
[4th - 8th weeks],3
[4th grade math achievement levels],4
[4th grade reading achievement levels],4
[4th graders who scored below proficient reading level by geographic location],3
[4th-8th units],1
[4thDeck],1
[4th],1
[50 resultaat],1
[5000028],1
[5000029],1
[50001 Sales],1
[50001 cost],1
[50001 margin],1
[50001 profit],1
[50002 Sales],1
[50002 cost],1
[50002 margin],1
[50002 profit],1
[50200-200],1
[50732Rekening_TM],1
[50m_rows],1
[5182],8
[559ECEC2-969A-4F8C-9A95-21C613D82F3A],1
[5Birthday],3
[5FC8CC76-12EB-4924-9320-5D09BBE97C10],1
[5MinStats],1
[5Student],3
[5W],1
[5],1
[5_CBCIF],3
[5_PO_RECEIPT_TABLE_DATABASE],4
[5a2cc1ab-9701-42e6-accc-2f372ff837f1],1
[5th],1
[6 Month Query],2
[600_LONDON_NUMBER1],2
[600_LONDON_NUMBER],2
[6B93119B-263B-4FED-AA89-198D26A3A3C4],1
[6HourTrace],1
[6Orders],1
[6],1
[6_Extubation],2
[6mo],1
[6th],1
[7 GL Detail MACL],1
[7 joined tables],1
[70_Pictures],3
[70_Types],3
[70_warehouse_lines],1
[735294],1
[7483E518-EB61-4B72-93F7-0F97BBFAFA01],1
[760Vadim],6
[7755_forsql],1
[789AA79B-B1DF-4BA2-860A-7129B39D341F],1
[7And11SidedDiceGame],2
[7th],1
[800_00_Index_SM_00_10],12
[800_10_01_AltreLingue],2
[80_Deps_Pictures],3
[85137_PHY_Long_PG],2
[88TId],1
[89437389479847487],1
[8K],1
[8th],1
[9-15-2020-Order],1
[9210],4
[988_Details_VehicleRequest],2
[988_Details_VehicleTrip],2
[999_filterTable],1
[99B70FEE-999B-4D44-83E9-EB8119B15930],1
[9E2E9F95-2B75-456B-BF2F-BAE7BCA4109F],1
[9mo],1
[:create],1
[:customerNY:customerFL:],1
[:destroy ],1
[:html],1
[:id],1
[:image],1
[:index],3
[:lower:],1
[:quantity],1
[:show],1
[:taked],2
[:upper:],1
[@wedate-7],1
[A of s],1
[A$A1:M100],2
[A-004],1
[A-005a],1
[A-006a],1
[A-table],1
[A1 VS A2],3
[A1-ExciseESN],1
[A12:A],1
[A1:E502],1
[A1:J10000],1
[ABC Store$Transaction Header],1
[ABF: Table3],2
[ACCT DETAILS],1
[ACT COMP],1
[AD Active Directory],1
[ADDL UNIT BASE],1
[ADDL UNIT RATE],1
[ADFCopyGeneratedExternalTable_307e2c7f-a56f-4b75-86fb-10ab0cb94548],1
[ADO NET Destination],8
[AGENT A],1
[AGENT B],1
[AISC14-HSS-ROUND],1
[AKA$Item Stock Changes Log],1
[ALL LSE STUDENTs],1
[ALL STUDENTs Random],1
[AMG Azimuth],1
[AMS Neve LIVE$Routing Line],1
[ANC Parts],9
[AOR-AOSQL01],1
[AP Details],4
[API Count],3
[AR Customer],3
[AR Sales],2
[AREA 2],1
[ARENTAL2-scope],1
[ARRAY OF OBJECTS],1
[ASM-00065 WIP],2
[ASSIGNED USER],1
[ATELIER CUISINE],1
[ATTENDANCE REASON],2
[AU Sales Inv Line],1
[AUDIT COMP],1
[AUDIT PICK],1
[AUDIT STATUS],1
[AUGUST 2015],1
[AW Cube],4
[A_Company$Statistic Group Accom],1
[Abertura Caixa],1
[Abfrage 10_Profit],9
[Abfrage 13_Rank],7
[Abfrage 14_Selected],1
[Absenteeism and SLWP TCS Data],1
[Abuse Table],15
[Acc-Faculty-History],1
[Acc_ Schedule Line],1
[Acceptance Date],1
[Access Codes],3
[Access DB],1
[Account 1],1
[Account 2],1
[Account 3],1
[Account 4],1
[Account 5],1
[Account Caption],1
[Account Combination],1
[Account DE],1
[Account Data Table less DTA CHD],1
[Account Data$],1
[Account MTU Meter Xref],2
[Account Manager],1
[Account Name],2
[Account No],1
[Account Number],1
[Account Transactions],6
[Account Tree ID],1
[Account Type Lookup],3
[Account Type],1
[Accounting Period],1
[Accounting Year],2
[Acknowledgement Lines],6
[Acquisition Commission],1
[Action Effective Date],1
[Actions Completed - Back UP],3
[Active Catalog],3
[Active Client List],2
[Active Dim Customer],4
[Active Dim Product],5
[Active Directory],5
[Active Routings - Primary],2
[Active Site Locations],1
[Active client list],3
[Activity ID],1
[Actual Debt],4
[Actual Use],4
[Actual_list LSC query],1
[Actual_list query],1
[Address 1],2
[Address 2],2
[Address 3],1
[Adjustment Transaction],2
[Adv Price Query Export],14
[Adventure Works DW],1
[Adventure Works Internet Sales Model],1
[Adventure Works],38
[Agent ID],1
[Aggregated 250 Day Closing Prices],1
[Airport Information],3
[Alarmi_On-Off],2
[Albi-Anagrafe-Associati],4
[Album ID],1
[Album-Artists],1
[All Bookings Query],1
[All Borrowers 20180222],1
[All Breaks Query],3
[All Breaks],2
[All Category Types],2
[All Contracts],1
[All Countries],2
[All Data Scope],1
[All Documents],1
[All Folks Ever Active],1
[All Folks Ever Finished],6
[All Manual Invoice Notification to AR],1
[All Portfolios - Total Values],1
[All Productions],6
[All Regions],4
[All Rep Assignments],2
[All Stock Purchased],1
[All Trades Query],2
[All Trades],2
[All Uploaded parts UK in 2012],3
[All Verticals$],1
[All march june Data],1
[All participants summary],4
[AllEmail Name],4
[All_Invoices_18-19],5
[Amount Accepted],1
[Amount Donated],1
[Analysis Group],1
[Analysis Services Test],1
[Annual Questionnaire],1
[Anti-Mullerian AMH_SVU],2
[App Disposition],6
[App Updates],6
[Appeal Category],1
[Applicant Query],3
[Application Data],9
[Appointment Data],1
[Appointment Slots],2
[Appraisal Period],3
[Appropriate Query],1
[Approval Drawings Required],1
[Apps Swiss Ice Hockey],1
[Apr  1 2013 12:00AM],1
[Apr  1 2014 12:00AM],1
[Apr  1 2015 12:00AM],1
[Apr-14],1
[Apr-2015],1
[Aqua-Anvil_Total],2
[Aqua-Reslin_Total],2
[Aqualuer_20-20_Total],2
[Archive Orders],1
[Archive-Announcements-test],1
[Archived Data Import],2
[Artist ID],1
[Artists Name],1
[Assay Info],3
[Assembly Data],8
[Assessment Tool],5
[Asset Test Records],2
[Asset Tests],5
[Asset-User],6
[Assets All],1
[Assignable Assessors],1
[Assigned To],1
[Assignment Table],3
[Assupol Leads - extended spot summary fla32813],2
[At Risk Employee List],3
[At least 1 year but less than 3 years],1
[At least 3 years but less than 5 years],1
[Attendance Schedule],17
[Audit Register],3
[Audit Result Entry Detail],2
[Audit_Integrity_Metric_Data_File_NA Original_0],2
[Auftrag Positionen],4
[Aug  1 2013 12:00AM],1
[Aug  1 2014 12:00AM],1
[Aug  1 2015 12:00AM],1
[Aug-14],1
[Aug-2015],1
[Auto Assignment County],1
[Available Fruits],2
[Available Hours],2
[Available workfront_tmp],1
[Avemco Aviation],1
[Average 250 Day Price],1
[Average Item Qty],1
[Average Items on Order],1
[Average Number of Item],1
[Average by Category Type],4
[Average fare],1
[Away Goals],1
[Away Team],1
[B$A1:M100],1
[B-K Data],35
[B-Results],1
[B-table],1
[BCBS DRG CARVE OUT 07012016],3
[BD New Product Data],3
[BE8149E2-0806-4D59-8482-58223C2F1735],1
[BELGIUM BEER],3
[BF-prefix],3
[BICC DM],1
[BK list],3
[BK-Analogic-PN-CDB2006-import],6
[BLAH BLAH BLAH],1
[BL_CUSTOM PO HISTORY SUMMARY],1
[BL_CUSTOM YEAR COUNT],1
[BO Data],3
[BOM Cost],1
[BPRIL DATA ENTRY],6
[BP_BasicPolicy ],1
[BRANDMASTER ],4
[BSK Changes in Selected Period],3
[BU Number],1
[BV_284700$y40:y300],1
[Back Orders],5
[Bad Fruit Year],4
[Bad Fruit],2
[Balance Due By Customers Subquery2],5
[Bank Reference],1
[Banking Cheques],11
[Barriers UHN Screen - 2017 Mailing],1
[Base$A3:T100000],1
[Basic Milestones],3
[Basic Time],2
[Batch Number],3
[Benefit Refused Cancellation Report],16
[Bid Header],2
[Bid Summary$],1
[Big$Order Line],5
[Big$Order header],3
[Bike Racks],1
[Bill to Name],1
[Billable Time],2
[Billing Detail],7
[Bin Number],1
[Biomarkers of Response Taxotere],1
[Birth Date],1
[Birth day],1
[Biz step Description],1
[Blk By],1
[Blood bank name],1
[Bonus Calculation],2
[Book Fairs Sales],1
[Book Purchase Physicians - 2019],2
[Book Purchase Physicians - 2020],2
[Book Purchase Physicians - 2021],2
[Book Totality],1
[Book Value],1
[Booked Order Items],5
[Booked Orders],2
[Bookings-21_dm],1
[Booms DBS],21
[Booms Delay Entry],5
[Booms Reference Master],6
[Bottles and Cages],1
[Bottom Brackets],1
[Branch DE],1
[Branch Hierarchy],1
[Brand ID],1
[Breaches and Errors Log],4
[Broker List],2
[Buch-Autor],3
[Buch-Verlag],3
[Budget A],1
[Budget B],1
[Budget By Activity By Commodity],12
[Budget Status],4
[Build Definition Name],1
[Build Schedule$],1
[Build Start Time],1
[Build Status],1
[Building Per $100 Of Limit Of Ins],1
[Bus Log],3
[Business Line],1
[Business Partners],2
[Business Personal Prop Per $100 Of Limit Of Ins],1
[Business Relationships],3
[Business Service Type List],2
[Business Unit],1
[Buyers shops],3
[C Year],1
[C7657AE1-9354-E911-BB4A-005056B00B08],1
[C90F4EFE-D848-4BAB-96BF-8DC6BF4F6E62],1
[CA-SSI Dispatch],7
[CAD-CV-Cabinets],1
[CAD-CV-MateriaIs],1
[CAD-CV-Parts],4
[CALI INVOITEM],2
[CALL DATA],1
[CAM Database],2
[CARGO DETAIL],5
[CARGO EVENT DETAIL],4
[CARGO SUB TYPE],3
[CARGO TYPE],3
[CCCTRN01SQL\CCCTRN01],1
[CCE Cohort],13
[CCRI 2013],6
[CDD Date],1
[CDR-2013-10-20],1
[CDR-IN],2
[CEAR326 Master Data fo access1],7
[CET Sports],17
[CG Category],7
[CIC TT Payment],2
[CLASS OF PLANT],1
[CLIENT DETAILS],3
[CLIENT_IP ],1
[CLOSING NOTES],1
[CLOSING STOCK],2
[CLR DETAILS],1
[CMO Deviations Tracker],2
[CMS Dump Table Current],12
[CMW$Sales Cr_Memo Line],2
[CMW$Sales Invoice Line],1
[CNAM from POST],2
[CO-PLACE],2
[CO-USERS],3
[COF Reference],7
[COMUNI 03_03_2014],3
[CONTACT NO],1
[CONTACT PERSON],2
[CONTAINER GROUND RENT CHARGE],1
[CONTAINER MOVEMENT AND INCREASE CHARGES],1
[CONTAINER TRACKING CHARGES],1
[COS Target],1
[COST ALL],4
[COURSE ENROLLMENT],4
[CP data],8
[CP-VIP-Preview],3
[CPO by wesTrac by Customers],2
[CQB-2 Final],4
[CRONUS Sverige AB$Currency Exchange Rate],1
[CRONUS Sverige AB$Employee Portal Setup],1
[CRONUS Sverige AB$Employee],3
[CROWN Facility],1
[CTN Number],1
[CTT Preferences],2
[CUSTOMER DETAIL],3
[CUSTOMER NO],1
[CUSTOMERS - Main],1
[CY 12Mths],5
[CY Hierarchy],1
[CZ00904001$A1:B4],1
[CZPHADDWH01\DEV],1
[Cabinet query],3
[Caixa Local],1
[Cal Date Key],2
[Calculated Total],6
[Calendar Quarter],1
[Calendar Year],8
[Calibration Data],1
[Caliper Master],1
[Calls Volume],3
[Cam Issues],6
[Campaign Responses],4
[Campbells SellOut Cube],1
[Cams TNEP FINAL],3
[Candidate Details],1
[Candidate Evidence records],1
[Canine Distemper],1
[Capability Data with Shift],1
[Capcode 1 Repeat subQuery],2
[Capital IQ ID],1
[Capture Table],9
[Car Calls],1
[Car For Sale],1
[Car Info],2
[Car Table],52
[Carlsberg India Pvt Ltd_$Dimension Set Entry],3
[Carlsberg India Pvt Ltd_$Dimension Value],3
[Carlsberg India Pvt Ltd_$G_L Entry],9
[Carlsberg India Pvt Ltd_$G_L Register],2
[Carrier File Report],2
[Carrier Name Crosswalk],3
[Case Database],9
[Case Level Suggested],1
[Case Managers],2
[Case Study ID],1
[Case Type],1
[Case type 1],1
[Case type 2],1
[Case-Agent],4
[Cat Id],1
[Cat Name],1
[Cat Total by Case],4
[Catalogue Info],2
[Category 1],1
[Category Name],1
[Category ],1
[Category performance data$],1
[Category-Name],1
[Cau reports],1
[Central Shipto Query],1
[Champ Stats],1
[Channel Account ID],1
[Channel Type],1
[Chapter Name],1
[Characteristic Date],1
[Chat name],1
[Chat-main],1
[Check Table],1
[Check-in],1
[Checkpoint Movement],1
[Chem CAS INV],1
[Churn Custom v4],1
[Cinema Halls],1
[Circle K New],1
[Circulating miRNAs ICORG 10-11],2
[Circulation Info],2
[Circulation Kind],1
[Citizenship ID],1
[City Postcodes],2
[Claim Number],1
[Claims Edited],1
[Class Type],2
[Classes : Full-Time],5
[Classi$A:B],1
[Clean Report],1
[Clean student table],1
[Clicks Returns],2
[Client Accounting],5
[Client Basics],5
[Client Codes for     dealing],1
[Client Codes for dealing],2
[Client Name],1
[Client No],1
[Client Number],1
[Client TBL],1
[Client Table],8
[Client address],1
[ClientsByCounty-Asian],4
[Clinical Information],2
[Closure ],1
[Club 1],1
[Club 42],1
[Club Id],2
[Coat Inventory],3
[Code Warehouse Desc],1
[Col A],1
[Col B],1
[Coll2012-13],1
[Collaborative Biomarker Study],2
[CollateTest-Latin1_General_BIN2],3
[CollateTest-SQL_Latin1_General_CP1_CI_AS],4
[Color Insulator],1
[Column 1],2
[Column 2],1
[Combined Net Cost],1
[Combined Net Profit],1
[Combined Net Revenue],1
[Combined Profit Margin],1
[Combined ROI],1
[Combined Source Data],1
[Combined data lakstraat],1
[Combined excel],3
[Combo 4],1
[Command Type],1
[Commercial General Liability],1
[Committed Capital],1
[Comp ID],2
[CompData Query],2
[CompDataCenters All In],1
[Company 2$Employee],2
[Company 3$Employee],2
[Company 4$Employee],2
[Company Country Code],1
[Company Name$G_L Entry$VSIFT$1],1
[Company Name$VSIFT$1],1
[Company Name$vendor],1
[Company Name],1
[Company Office],2
[Company addresses],2
[Company list],2
[Company$Archived Sales Entry],4
[Company$Cust_ Ledger Entry],3
[Company$Detailed Cust_ Ledg_ Entry],5
[Company$Indent Header],4
[Company$Indent Line],8
[Company$Item Ledger Entry],11
[Company$Purchase Header],3
[Company$Purchase Line],6
[Company$Purchase Price],4
[Company$Trans_ Sales Entry],8
[Company$Volume Summary],1
[Company1$Sales Line],1
[Company1$Transaction Header],1
[Company2$Sales Line],1
[CompanyB$Employee Hours],1
[CompanyName$Detailed Cust_ Ledg_ Entry],1
[Complete Data],1
[Component Goods],13
[Component Manufacturer Parts],2
[Computer Status],1
[Con_ID futcanc BAMB],1
[Concatinated Tasks],1
[Concrete Design Table 1],1
[Configuration$B1:S2],1
[Confirmation Notes],1
[Congregation Speaker Talks],3
[Connection Reads],1
[Connection Writes],1
[Consolidated Sales],2
[Consumer Complaints],1
[Consumer Global Parent],1
[Consumption no],1
[Contact Center],1
[Contact Details],3
[Contact Email],3
[Contact Info],1
[Contact Information],4
[Contact Name],1
[Contact Telephone],4
[Contactos Portal],1
[Contacts 2012],1
[Contacts ],1
[Container Status],1
[Contoso$Sales Line],1
[Contract Budget],2
[Contract Items],5
[Contract Name],1
[Contractor Code],1
[Contractors Pollution Liability],1
[Contractuele uren],1
[Copy Of MFRM_SALES_DATA],4
[Copy Of SurveyData],1
[Copy Of remove],1
[Copy Of tblTypeOfAsset],1
[Copy of    LabResultsAnalysisWithPass Query],1
[Copy of Count Lab Samples Query],1
[Copy of Firebird m0 damage],1
[Copy of LabResultsAnalysisWithPass Query],7
[Copy of Table1],1
[Corporate Lookup],2
[Cost Bracket],1
[Cost Center1],1
[Cost Center],2
[Cost Centre Dim],1
[Cost Centre Hierarchy],1
[Cost Centre],3
[Cost Code],1
[Cost Planning$],1
[Cost of Sales],1
[Coster Supplier Details],21
[Coster Suppliers],3
[Costkind Fuel],1
[Count By SKU v1],2
[Counter 1],1
[Counter 2],1
[Counter Issue Details],2
[Counter Master],2
[Counter Return Details],4
[Counter Stock Details],1
[Counter Waste Details],4
[Counter Waste Master],3
[Country ID],1
[Country Name],1
[Country Region Code],1
[Country of Birth],1
[Country of Citizenship1],1
[Country of Citizenship2],1
[Course Enrolment],3
[Course Participation],1
[CourseID-ModuleID],15
[Courses Taken t],3
[Courses t],1
[Covenant Basis],1
[Covenant Status],1
[Coverage ID],3
[Covered Zips Count],3
[Credit Card],1
[Crest$G_L - Item Ledger Relation],3
[Crest$G_L Entry],4
[Crest$Item Ledger Entry],1
[Crest$Value Entry],5
[Crocus Live$Purch_ orders for e-mailing],4
[Crocus Live$Purchase Header],14
[Crocus Live$Sales Header],17
[Crocus Live$Vendor],12
[Cross-SellRate],1
[Crude Data],2
[Crystals and Oscillators],1
[Cube 1],1
[Cube Accounting BU Budget Variance],1
[Cube Name],1
[Currency Type],2
[Current Appointments As At Evaluation Date],1
[Current Basic Work],4
[Current Cost],2
[Current Employee Census],5
[Current Employee],2
[Current HRIS report],4
[Current MED BDR],8
[Current Open Orders Today],25
[Current Ratio],1
[Current Service State],2
[Current Shift],1
[Current Status Query],2
[Current Value],2
[Current Week Project],3
[Current Year],24
[Current _Status],1
[Cust Date Table],2
[Cust Group Desc],1
[Cust ID],2
[Cust Sub Group Desc],1
[Cust_ Ledger Entry],4
[Custom Work],1
[Customer Account],1
[Customer Brand Purchases],4
[Customer Contact],7
[Customer Data],6
[Customer Details],2
[Customer Geography],1
[Customer Group],1
[Customer ID],1
[Customer Id],1
[Customer Invoice],4
[Customer Mapping Table],3
[Customer Master List Changes TEMP],3
[Customer Master List],3
[Customer Name],2
[Customer Report],3
[Customer Salesmen],3
[Customer Status],1
[Customer Sub Grp Code Numeric],1
[Customer System 1],2
[Customer Table],1
[Customer- Quotation],4
[Customers-Personal],2
[Cutter List],1
[D Products],4
[D ],1
[D-S],1
[D365 STRD Costs],7
[D442B7CA-5825-49D9-9977-D88770304B57],1
[D6A011C8-C39C-45B5-9127-52D20C68E1C3],1
[DACSS DSAs],7
[DATA GROUP],3
[DATA OUTPUT TABLE],9
[DATA SHEET$B2:B100],1
[DATA SHEET$B2:B10],1
[DATABASE HERE],1
[DATA_IMPORT ],1
[DATE RANGE FUNCTION],1
[DB Name],1
[DB TABLE],1
[DB-01],1
[DB-NAME],1
[DBController getDBPath],1
[DBO name],1
[DD Pa],1
[DD14C4C2-FC9E-4A2E-9B96-C6A20A169B2E],1
[DECEMBER 2014],3
[DELIVERY DATA BASE],1
[DELL-PC],1
[DESTINATION-TABLE],1
[DESTUFFING CHARGES],1
[DIAM-C],1
[DIAM-E],1
[DIAM-N],1
[DIAM-S],1
[DIAM-W],1
[DIM1 KEY],1
[DIM2 KEY],1
[DIM4DE53E67-85C8-4274-B5ED-5F3526314DEA],1
[DIRECTIONAL TREAD],1
[DNP3_CDNP3AnalogIn Query],2
[DOCK DETAIL],3
[DOCUMENTATION CHARGES],1
[DOS File],1
[DOS file],2
[DRUGS INT],3
[DS-Backup],5
[DSV Airline Management System DW],1
[DT HU not recieved],3
[DT Num of Accts by Parent],3
[DT num of hu rec by parent],3
[DTV TOW],1
[DVD Copy],2
[DVT-FUSION],1
[DWH Northwind],1
[DWH OLAP],2
[DWXP050 GL Class],7
[Daily Activity Attendance],1
[Daily Beyond],1
[Daily Feedback],1
[Daily Progress],1
[Daily Table],3
[Dan - CSF Quotes],2
[DashBoard$A2:A100],1
[Dashboard$A:JV],1
[Data - Assets],1
[Data 1$],3
[Data 9 17 Monthly],4
[Data Agen$],1
[Data Availability],1
[Data Export],1
[Data From System$],1
[Data Import],13
[Data Source],1
[Data Table 1],1
[Data Table 2],1
[Data Table],2
[Data Warehouse],1
[Data creazione pratica],1
[Data zameldowania],1
[Data$E27:P27],1
[Data$E28:P28],1
[Data-People$],1
[DataBase$A1:C2500],4
[DataSheet$A1:D5325],1
[Database Table],1
[Database$Sales Header],3
[Database$Sales Line],4
[DatabaseManager getSharedInstance],1
[Dataset key],1
[Date - Calendar Month],1
[Date 250 Days Ago],1
[Date Calculations],3
[Date Created],1
[Date E$],2
[Date Form],1
[Date Id],1
[Date Time Snapshot],1
[Date YWD],1
[Date Year],1
[Date of Birth],1
[Day 1 Sp Status],1
[Day 1 Status],1
[Day Number],1
[Day Of Week],1
[Deal Data ECM],4
[Debit Amount],1
[Debt Maturity 1 Year],1
[Debt Maturity 2 Years],1
[Debt Maturity 3 Years],1
[Debt Maturity 4 Years],1
[Debt Maturity 5 Years],1
[Debt Maturity After 5 Years],1
[Debt Ownership Percentage],1
[Debt Recoursed To Fund],1
[Dec  1 2013 12:00AM],1
[Dec  1 2014 12:00AM],1
[Dec  1 2015 12:00AM],1
[Dec 2013],1
[Dec 2014],1
[Dec-14],1
[Dec-2015],1
[Deceased Register],1
[Default Dimension],7
[Default Linked Server for Integration Services],1
[Default On Payments],1
[Default Time Zone],1
[Defect Category],1
[Defect Cause],1
[Defect Detail Information List],9
[Defect ID],1
[Defect Table],5
[Deleted Items],2
[Deleted Parts],3
[Deleted Select Table],3
[Delist Date],1
[Denial Query],3
[Departure City],1
[Departure Time],1
[Design Application],1
[Design Code],1
[Design Hours TABLE],7
[Design ID],2
[Desired Job Titles],1
[Destination City],1
[Destination table],1
[Detail Record Count],1
[Detailed Cust_ Ledg_ Entry],1
[Detailed Product Name],1
[Dev-analytics],1
[Developement Scenario Formation],7
[Developement and Design Commissions],3
[Development Type],1
[Diagnosis Codes],6
[Diary Sheets],1
[Digitek Product Catalog],7
[Dim Agent Key],1
[Dim Customer Product Source],3
[Dim Customer Product Status],4
[Dim Expiry Date],6
[Dim Product],1
[Dim Renewed By Incident],4
[Dim Table],3
[Dimension 10],1
[Dimension 11],1
[Dimension 12],1
[Dimension 13],1
[Dimension 14],1
[Dimension 15],1
[Dimension 16],1
[Dimension 17],1
[Dimension 1],1
[Dimension 2],1
[Dimension 3],1
[Dimension 4],1
[Dimension 5],1
[Dimension 6],1
[Dimension 7],1
[Dimension 8],1
[Dimension 9],1
[Dimension Code],1
[Dimension Value Code],2
[Direct Ceded Written Premium],1
[Direct Debit],3
[Direct shipment$],1
[Distribution Area],2
[Distributor Contact],1
[Do not call solicit],1
[Do not call],1
[Do not contact],1
[Do not email],1
[Doc A],1
[Doc B],1
[Doc C],1
[Doc D],1
[Doc E],1
[Doctrine\DBAL\Driver\PDOException],2
[Document Catgeory],2
[Document Dataset],1
[Document Export Edit],2
[Document Status],1
[Document Tracker],1
[Document Type],2
[Domain Master],1
[Domestic SCH],6
[Donation ID],1
[Donation Record],4
[Donor ID],1
[Downtime reasons],3
[Dr_Morepen Limited$Item],1
[Drawing ID],2
[Dreams$Internet Orders],1
[Drive Errors],3
[Drive Height],1
[Drive List],3
[Driver Dimension],1
[Driver Table],3
[Driver Truck Link Query],2
[Drs List],3
[Dsv All],1
[Dual Year Carrier Report],2
[Dummy Column1],1
[Dummy Column2],1
[Dummy Column3],1
[Dummy Column4],1
[Dummy-Dashboard],1
[Duplicate Stores],1
[Duplicates-removed],10
[DynPSCsPersonGoals_20-21],2
[DynamoDBAttributeValueUpdate alloc],1
[E-009],1
[E-Packing list],7
[E-mailcampagne],1
[E18375$Detailed Vendor Ledg_ Entry],8
[E18375$Vendor Ledger Entry],2
[E770CE7C-E0E6-40C6-AC51-5D2129F2DEB7],1
[E9-2D6],1
[EC PTL AgedDebtors],1
[EC6A4ED3-1475-4B0A-8E08-B2F4E095622F],1
[ECF Item Log Local],1
[ECOG 2809 ICORG 11-04],2
[EFA Funding Base Query],2
[EH10414 Summer Events],1
[EL Fine],2
[EM Claims Edited],1
[EM Consultation Count temp],1
[EM-COMMUNICATION],4
[EMP ID],1
[EMPLOYEE TABLE],1
[EMPTY MOVEMENT CHARGES],1
[EN Final],11
[END TIME],1
[ERT ITRON],2
[ESCORT CRANE USAGE CHARGES],1
[ESO$Manufacturer Item],1
[EST COMP],1
[ETL redacted],7
[EU Supply],4
[EXACT SAME QUERY AS ABOVE],1
[EYH Export],4
[Easyplant Dump quierry],1
[Education History],1
[Effective Date],1
[Effective Strike Name],1
[Elapsed MS],1
[Electoral-Mechanicals P Ltd$Customer],1
[Element Forces - Frames],1
[Email Address],2
[Email Fact],1
[Email Journey - 2021-03-22],1
[Email address],1
[Emails Table],3
[Emergency Master],1
[Emp ID],2
[Emp List],5
[Emp ],2
[Emp-OJT],10
[Employee Availability],1
[Employee Code],1
[Employee Department],2
[Employee ID],2
[Employee Info],4
[Employee List],5
[Employee Name],4
[Employee Pay Rate],7
[Employee Records],1
[Employee Table],1
[Employee Type],2
[Employer Contact],12
[Employment History],2
[Employment Role],5
[Encrypt Type],1
[End Date  ],1
[End Date],3
[Engine Size],3
[English Keywords],1
[Enrolled Students],1
[Enterprise 20130703],6
[Entertainment Tax],1
[Entity Client],1
[Entity Name],1
[Entity Type Code],1
[Entry Registry],1
[Environmental Data],1
[Equipment List],2
[Equipment Maintenance],3
[Errno 14],2
[Errno 256],1
[Error Log],1
[Error: SQLITE_CONSTRAINT: FOREIGN KEY constraint failed],1
[Est Fixed Date],1
[Est Ready for Retest],1
[Estimated Net Cost],1
[Estimated Net Profit],1
[Estimated Net Revenue],1
[Estimated Profit Margin],1
[Estimated ROI],1
[Evaluation History],2
[Event Logging],1
[Event Table],1
[Event Type],1
[Event description],1
[Event subtype description],1
[Event-Hub],1
[EventHub-UAnalytics],3
[ExTable1 ],1
[Exam Results],3
[Exam Type],2
[Excel Monthly Detail],1
[Excel Spreadsheet],1
[Exchange Census],2
[Execution Report$],1
[Execution Timing4],1
[Exercise Details],1
[Exhibit Recording],6
[ExhibitA-input],1
[Exit Plan],3
[Expense Difference],1
[Expiration Date],1
[Export file2],3
[Extension Approaved Date],1
[Extension No],1
[External - Forecast],1
[Extra Fields - Fee Protection Insurance Concatenate],1
[F Types],2
[F-SDays],1
[F1A0D9D6-702E-4492-9EBC-63AD22E60E6A],1
[FACILITIES MANAGEMENT SCHEDULE],1
[FBB Terminals],1
[FC One$A14:AG140],1
[FCL Test],1
[FD Cust Missing- Temp],1
[FD Worksheets Temp],5
[FEBRUARY 2015],2
[FEBU17_OWH07579_Calls - TEST],2
[FG - End Product Codes],4
[FG - Style Size Comp Def Details],1
[FG Category],1
[FG Orders by Date],15
[FG to CG mapping],11
[FINANCIAL ID],1
[FIN_MeetingDisplay-DefaultConfig],1
[FIRST SUBQUERY],1
[FLOW All HU Recieved],2
[FLOW Contract submitted],1
[FLOW Deal Executed],1
[FLOW Deal Priced],1
[FLOW Deal Quoted],1
[FMDatabase executeUpdate:withArgumentsInArray:],1
[FNF Taxes],1
[FOOD TABLE],3
[FROM CATEGORY VALUE],1
[FUEL CHARGES],1
[FY14 PLEDGE_TOTAL],1
[FY16 Q12 BE],4
[Fact Product],9
[Fact Table],4
[Fact table],4
[Factors - SW Sales],1
[Faculty : Full-Time],3
[Fake tonnage info],2
[Family Members],8
[Fast Track Quality Research v1],1
[Favorite color],1
[Fax Number],1
[Features 1],1
[Features 2],1
[Features 3],1
[Features 4],1
[Features 5],1
[Features 6],1
[Feb  1 2013 12:00AM],1
[Feb  1 2014 12:00AM],1
[Feb  1 2015 12:00AM],1
[Feb  1 2016 12:00AM],1
[Feb Bus All],3
[Feb-14],1
[Feb-2015],1
[Feb-2016],1
[February 2014 HC],1
[February 2014],1
[February 2020],1
[Federal Approved],1
[Federal Disbursed],1
[FederalStockCards-Detail],1
[Feuil1$A1:I330],1
[Feuil1$A:R],1
[Field 1 from Master table],1
[Field 2 from Master table],1
[Field 3 from Master table],1
[Field 4 from Master table],1
[Field 5 from Master table],1
[Field 6 from Master table],1
[FieldValue ],1
[Fields Values Table],1
[File Description],1
[File Name],1
[File Path],1
[File Transfers],4
[Files-Favorites],1
[Film Id],2
[Film Retns],3
[Filtered Charge Level],3
[Final Payment Bill],3
[Financial Bureau Reports],4
[Financial Calendar],1
[Financial Institutions],2
[Find duplicates for tBDEDom],1
[Finished Goods],7
[Firebird m0 Damage],1
[Firm Addresses],2
[Firm Contacts],3
[Firm Size],2
[Firms Last Updated],2
[First Category Level],2
[First DSV],1
[First Email Campaign],1
[First Mail Campaign],1
[First Name],2
[First name],1
[Fiscal Calendar],2
[Fiscal Quarter],2
[Fiscal Semester of Year],1
[Fiscal Week],1
[Fiscal Year End Date],1
[Fiscal Year],4
[Fitness ok time],1
[Fix Stage],1
[Fixed Day-19_Month-8_142040],5
[Flat File],6
[Fleet Commit],2
[Fleet_Range_2-4],1
[Fleet_Range_5-10],1
[Floor Cells Jobs\Shears],1
[Fluids Management$Cust_ Ledger    Entry],1
[Fluids Management$Cust_ Ledger Entry],1
[Fluids Management$Detailed Cust_ Ledg_ Entry],1
[Foo bar baz],1
[Food Purchase Data],4
[Food items],21
[Food purchase data],66
[Forecast Region],1
[Foreign key],1
[Form Factor],1
[Fotografias e Manuais de Equipamentos1],4
[Fotografias e Manuais de Equipamentos2],8
[Free Megabytes],1
[Free Type],1
[French Month Name],1
[Freq List],1
[Fri Qty],2
[Full Date],1
[Full Name],1
[Full Patient Database],1
[Full name of Q1],1
[Full name of Q2],4
[Full name],1
[Function: bound ],1
[Function: exec],1
[Function: model],1
[Function: pluralize],1
[Function: replaceOne],1
[Function: selectedExclusively],1
[Function: selectedInclusively],1
[Function: selected],1
[Function: updateMany],1
[Function: updateOne],1
[Function: update],1
[Fund Mapping],2
[Fund Prices @ Month End],1
[GDIEImportPickupResult-CI],4
[GEN4 Proejects$],1
[GEODATASOURCE-CITIES-FREE],3
[GIS-DB1],1
[GL Coding],1
[GL-Entry-Header],10
[GMC Claims 2019],4
[GN - EntityMaster],3
[GREEN ACID],1
[GRIP-SERVER],1
[GROSS AMOUNT],1
[GS Products],4
[GSCA #],3
[GSK VEG113387 ICORG 11-05],2
[G_L Entry],4
[Game Review],1
[Gate Permission 2],1
[Gearing Ratio],1
[GenDet$F3:F3],1
[General Acccounts],5
[General Activities],1
[General Property],2
[General Setting],1
[General:AgileTeamT],3
[General:BlockNameT],3
[General:CompanyProgrammeNameT],3
[General:DeliveryStreamT],3
[General:HireTypeT],3
[General:LocationsT],3
[General:PmoOrgLevel3],3
[General:PmoOrgLevel4],3
[General:ProfileTypeT],3
[General:ProgrammePeopleT],5
[General:RecruitmentStatusT],3
[General:TravelT],3
[Genito Urinary],2
[Geo union CA],3
[Geo union CC],3
[Geo union PA],3
[Geo union PC],3
[Geography Country],1
[Geography Description],1
[Geography Hierarchy],1
[German Keywords],1
[Gift Card],1
[Global database],1
[Goods-Check],2
[Goth Table],2
[Graduated Major],1
[GreatPlains Sales History 2012-102017],1
[Grid 1$],2
[Grid 2$],2
[Grouped Cards],1
[Grouped Keys],8
[Groups Leader],1
[H$Agency Header],2
[HAL2011\SQLEXPRESS],1
[HANDLING AND  PNR MOVEMENT CHARGES],1
[HANDLING CHARGES LDD],1
[HANDLING CHARGES],1
[HAT-DURAK],3
[HAZARDOUS CHARGES],1
[HD Kawiarnia],1
[HEIGHT-C],1
[HEIGHT-E],1
[HEIGHT-N],1
[HEIGHT-S],1
[HEIGHT-W],1
[HHtoER-Obs],1
[HI WorkProgramme],5
[HISTORY CARD],20
[HPLC Alpha],1
[HPLC Beta],1
[HPLC Cohumulone],1
[HPLC Colupulone],1
[HR Report Employee Master],2
[HRBI Query],7
[HRM Metal In Mill],1
[HRM Screws Homed],1
[HRM Tracking Current Pass Number],1
[HRS$Agency Display Line],2
[HRS$Agency Header],2
[HRS$Correction Agency Header],2
[HTS 10 Digit Code],1
[HTS 2 Digit Code],1
[HZ ON rate],1
[HZ Off rate],1
[H_Project Calender Concat],5
[Half Hour of Day],1
[Heading\Subheading],3
[Hematoma epidural],1
[Hematoma medular],1
[Hierarchie Kunde],1
[Hierarchy Time],2
[Hiragana List],4
[Historical Prices],1
[History Detail],1
[Hitopathology Table],10
[Hmi Tags$],1
[Hoja1$B2:B2],1
[Hol Dates],1
[Holding Key],1
[Holding Value Adjustment],1
[Holds Table],1
[Home Depot],2
[Home Goals],1
[Home Owner],1
[Home Team],1
[Hospital List],3
[Hours Worked],1
[House Acct],1
[Household Data],2
[Household Info],5
[Household Members],2
[How important would you say feeling productive is to your happin],1
[Hrs P1],1
[Hrs P2],1
[Hrs P3],1
[Hrs P4],1
[Hrs P5],1
[Hrs P6],1
[Human Capital],1
[Humidity Description],1
[Hurtownia Danych],2
[I2-2D6],1
[I6-2D6],1
[IBM Notes],3
[ICECAT-interface],1
[ID         ],1
[ID Crosswalk],3
[ID Kunde],1
[ID NUMBERS],1
[ID vs CHANNEL_MAPPING],5
[ID x Values],1
[IDEA Project Tracker],2
[IDNodoPadre-2],1
[IDNodoPadre-3],1
[IDNodoPadre-4],1
[IDNodoPadre-5],1
[IDNodoPadre-6],1
[IF EXISTS],3
[IF NOT EXISTS],5
[IH-LOC-ATTR],4
[IH-LOCATION],14
[IH-PLACE-CHG],5
[IMRT Prostate],2
[IMSP#001$A2:BA],1
[IMS_ADUSER-test2],1
[IN ROUTE TO DISPOSAL],2
[IN TRANSIT],1
[IN-023C-I1],1
[IN-023C-I2],1
[IN-023C-I3],1
[IN-023C-I4],1
[IN-023C-I5],1
[IN-023C-I6],1
[IN-023C-I7],1
[IN-023C-I8],1
[IN-023C-I9],1
[IN16-CTAVAL],1
[INCREASE IN MOVEMENT CHARGES],1
[INPUT_DATA ],1
[INSPECTION CHARGES],1
[INSTRUMENT LOOP DESCRIPTION],4
[INSURANCE CHARGES],1
[INTERIM - Bonus Pay Election Enrollment],1
[INV-ACT],1
[INVAZYME AST],1
[INVENTORY C],1
[IO Documents],3
[IOW Registered - All workshops],1
[IP Address Range],3
[IP Address],1
[ISO Week Number Of Year],1
[ISO Year Code],1
[ISP-BASIC],5
[IT Solutions BVBA$Planning],1
[ITEM MASTER],1
[IX_INV-ACT_InventoryAsOfEOD],1
[Import - Assets],1
[Import - BOM],1
[Import - WO],1
[Import2-Validated],2
[Importance Units w Innovation],1
[Importance Value w Innovation],1
[Importing GTRX],3
[In Process],1
[In process analysis result],4
[InPatient Episodes],2
[Incident Details],3
[Incident ID],1
[Indicator Group],1
[Indicator Name],1
[Indicator Set],1
[Individual Candidate Course History],1
[IndividualTruck-PB],6
[Indoor Range Final],4
[Industry types],3
[Info test],1
[Ingredients Qty_T],3
[Ink Delivery detals],6
[Ink Delivery],5
[InnoDB table],1
[Innovation Challenge Final Entry Form],5
[Innovation Challenge],7
[Inpatient Type 3],1
[Input Data$],1
[Input USD],4
[Input table],2
[Input-eventhub],1
[InputSheet$C7:C7],1
[InputSheet$C8:C8],1
[InputSheet$C9:C9],1
[Inspection Records],2
[Instance: i-053f6b1dfef0f156b],1
[Insurance Coverage],3
[Insurance Policy Coverage],4
[Insurance detail],3
[Insurance summary - client],3
[Intake Status],1
[Interaction Behaviors],1
[Interaction Interventions],1
[Interactions Query],1
[Interface-Test$],1
[Internal Product Name],1
[Internal Time],2
[Internship Notes],4
[InvAdd-Temp],8
[Inventory Master],2
[Inventory Report Table],2
[Inventory Requests],1
[Inventory Tracking],2
[Inventory Transactions],2
[Investment Data],1
[Invoice #],1
[Invoice Date],1
[Invoice Entries],3
[Invoice No],2
[Invoice Payment Processing],2
[Invoice TBL],1
[Invoice Table],4
[Invoice table],5
[Is Refrigirated],1
[Isaac Test Excel to Sharepoint],1
[Issue Bucket],2
[Issue Mgt],3
[Item  Master],1
[Item Attribute Value Mapping_V],2
[Item Attribute Value_V],3
[Item Category Division History],5
[Item Category],2
[Item Description],2
[Item Descriptions],1
[Item Detail Temp],6
[Item Detail],2
[Item Ledger Entry],10
[Item Ledger],11
[Item Master Data],2
[Item Master Spend],3
[Item Master Temp],1
[Item Master],21
[Item Personalisation],2
[Item Referance],1
[Item Variant],4
[Items Picked],1
[Iteration Path],1
[JANUARY 2015],4
[JE Details],4
[JILL_MG utah sub query],2
[JOB-STAGE-HISTORY],2
[JOIN MAY BE],1
[JSONBMs-Home Name],2
[JSONCareNotes-HOME],4
[JSONRAs-HOME],3
[Jan  1 2013 12:00AM],1
[Jan  1 2014 12:00AM],1
[Jan  1 2015 12:00AM],1
[Jan  1 2016 12:00AM],1
[Jan 2014],1
[Jan 2016 Clicks Returns],1
[Jan Bus All],3
[Jan Pick Up$A6:P57],1
[Jan-14],1
[Jan-2016],1
[Jan-Dec_2018_Co99_SpendDB_wo_Inv],3
[Jan-June_2019_Co99_SpendDB_wo_Inv],3
[Jane Doe],1
[January 2010],2
[January 2014 HC],1
[January 2014],1
[January 2020],1
[Jet Info],1
[Job 1 ],1
[Job 2 ],1
[Job Assignments],3
[Job Info],13
[Job Ledger Entry],6
[Job List],3
[Job Log],5
[Job Planning Line],3
[Job Queue Entry],1
[Job Role],2
[Job Titles],4
[Job3 ],1
[John Does],1
[Joined Tables],1
[JonesFrank$EMSM Printouts],1
[Journal Voucher],5
[Jul  1 2013 12:00AM],1
[Jul  1 2014 12:00AM],1
[Jul  1 2015 12:00AM],1
[Jul-14],1
[Jul-2015],1
[Jun  1 2013 12:00AM],1
[Jun  1 2014 12:00AM],1
[Jun  1 2015 12:00AM],1
[Jun-14],1
[Jun-2015],1
[June 2014],1
[Justification Code],1
[KALMAR HANDLING CHARGES],1
[KAP-PC\SQL2012DXD02],1
[KD call monitoring],8
[KN - KnittingDetailsHeader],2
[KN - KnittingOrder],4
[KN - ProductionMachineAllocation],1
[KN - ProductionOrderDetails],5
[KN - ProductionOrderHeader],4
[KN -Special Instructions Master],3
[Katakana List],1
[Key Contacts],4
[Key Findings],1
[Kick Off Date],1
[Kick Off Time],1
[Klima$A3:H899],1
[Known Product Prices for Date Query],6
[Kod wymiaru 02],1
[Kod wymiaru 04],1
[Kod wymiaru 05],1
[Kod wymiaru 06],1
[Kod wymiaru 07],1
[Kod wymiaru 08],1
[Kursus _Studerende],1
[LDDAP-ADA_Header],1
[LIFE INS CHILD UNUM POST TAX],1
[LIFE INS SPOUSE],1
[LIFT ON LIFT OFF CHARGES],1
[LINKED SERVER],1
[LINKEDSRV\SQLSRV],2
[LIS01$A3:AZ3000],1
[LISTING MASTER],13
[LIVE - DEE SET LOGISTICS$D-Plan Job Line Task],83
[LIVE Database1$User Setup],1
[LIVE$Rental Header],5
[LIVE$Rental Line],7
[LIVE_Database2$User Setup],1
[LIVE_Database3$User Setup],1
[LIWC Post Stats],1
[LOA Report],2
[LOA report],1
[LOA-FTD_1_5_1_CALCULATE_LOA_query],1
[LOGIN SUCCEEDED FOR USER],1
[LP ],4
[LUC Time Series],1
[LY Physician Score],1
[Lab Occurrence Form],24
[Label Information],1
[Labor Detail],4
[Labour Costs],1
[Lareco Live$Lead],1
[Last Login],1
[Last Name],3
[Last Wait Type],1
[Last Week Project],3
[Last Week],1
[Law Firm],1
[Lead Pax Report],1
[Lead Results],4
[Leading Female],1
[Leading Male],1
[Leads Proposed by Agent],6
[Leads Proposed],3
[Leads Received by Agent],6
[Leads Received],3
[Leave Request],21
[Ledger Entries JC Qry],3
[Ledger Entries JC],1
[Ledger Entry],3
[Left Join - Table1],2
[Left Join - Table2],2
[Legacy Trans],1
[Less than 1 year],1
[Lessors Liability Per $100 Of Limit Of Ins],1
[Letter Status],12
[Line Number],1
[Line of Business],1
[Link Location],1
[Link Ranking],2
[LinkProject-Area],2
[Linked NDC MSISDN TXT],3
[Linked SSAS Server],1
[Linked SSAS],1
[Linked Server Table],1
[List Of Declared Variables Table],1
[List of 7671 Zim Acquittals Used By EY],2
[List of Fields],1
[List of Files],3
[List of Law Firms],2
[Lista de objetos],1
[Live Company$G_L Entry],1
[LivelloTop-1],1
[LivelloTop-2],1
[LivelloTop-3],1
[LivelloTop-4],1
[LivelloTop-5],1
[LivelloTop-6],1
[Load Items],4
[Load Orders],3
[Load Planner],3
[Local Table],1
[Location Data],3
[Location Detail Report_142],5
[Location Left],1
[Location Name],2
[Location Summary Report_14],4
[Lock CacheTable],1
[Log Path],1
[Logged On],1
[Logistic Items],1
[Long Hours],2
[Lookup Branch currency Tb],1
[Lookup Month By JN Tb],2
[Lookup Table],2
[Lorem Ipsum],1
[Low-Medium],2
[Lower Threshold],1
[Lvl1 Trace Data],2
[MAR Dec 2016],1
[MAR Nov 2016],1
[MARCH 2015],1
[MARINAS HIGH$Students],1
[MASKED_2014-06-30-2014-06-01-CUSTOMER325],6
[MASTER CREDIT MEMO QUERY],5
[MASTER DATA],1
[MASTER SALES INVOICE QUERY],5
[MASTER TABLE],1
[MB free],1
[MCDS-E],11
[MEMBER LIST],4
[MES Master Data],2
[MG ETC],4
[MG-IN],1
[MG-OUT],1
[MH Code],1
[MISSING ITEMS LIST],2
[MNM_Rotterdam_5_Daily_Details-20191216081027],1
[MNO International AB$Customer],4
[MNO International AB$Item Cross Reference],4
[MNO International AB$Sales Header],3
[MNO International AB$Sales Invoice Header],4
[MO km max 2016],3
[MO km max 2017],3
[MODEL_NAME    ],1
[MONITORING CHARGES],1
[MPSCustomer Forecast],1
[MR$Item Ledger Entry],9
[MRB_Model-Approver],1
[MSTR-SENT],10
[MTD test],1
[MU_v2#7$A1:F192],1
[MYDB $Course Registration],1
[MYDB $Customer],1
[MYDB $Programme],1
[MYDB $Student],1
[MYOCET ICORG 10-03],2
[MY_SHEET$A3:M],1
[Machine Attributes],1
[Macro Tracking],1
[MacroSQL$A1:D10],1
[Magnetic Particle],15
[Mailbox Status],2
[Main Data],1
[Main Details],1
[Main Sheet$IG7:IU9],1
[Maint Jobs$A1:I50000],1
[Major ID],1
[Major Name],1
[Management Accounting table],12
[Manager Review Data],1
[Manager ],1
[Manufacturer Part Info],1
[Map index],1
[Mapped Link],3
[Mapped Login Name],1
[Mapping Table],3
[Mapping-Lean-Vergaben],6
[Mar  1 2013 12:00AM],1
[Mar  1 2014 12:00AM],1
[Mar  1 2015 12:00AM],1
[Mar-14],1
[Mar-2015],1
[March 2020],1
[Marital Status],1
[Market Analysis Review],6
[Market Segment Desc],1
[Marketing Groups],2
[Master Data Repository$DN Dimension],3
[Master Data Repository$Max_ Operating Pressure],3
[Master Data Results 2013 - 2016],5
[Master Data],14
[Master Inventory],3
[Master List],8
[Master Lookup],2
[Master Member Table],8
[Master Output Table],4
[Master Record],10
[Master Table],4
[Master$Bin Content],4
[Master-SMS MessageALL],1
[Match Details],1
[Material and Finishes],1
[Matter Detail],5
[Max Billable Hours],2
[Maximum Visits in Any 90-day Window Per Patient],3
[May  1 2013 12:00AM],1
[May  1 2014 12:00AM],1
[May  1 2015 12:00AM],1
[May 2014],1
[May-14],1
[May-2015],1
[Measurements With Thresholds and Exceptions],3
[Measuring Instruments],3
[Member 1],1
[Member 2],1
[Member Balance Query],2
[Member ID],1
[Member Information],2
[Members-Description-Tbl],1
[Membership tbl],2
[Mes Queue Detail],6
[Mes Serial Parts],4
[Meter Reading Date Box],2
[Meter Reading],1
[Metric 10],1
[Metric 11],1
[Metric 12],1
[Metric 1],1
[Metric 2],1
[Metric 3],1
[Metric 4],1
[Metric 5],1
[Metric 6],1
[Metric 7],1
[Metric 8],1
[Metric 9],1
[Metric Data],2
[Mileage-Expenses],1
[Mining Structure Name],1
[Missing Products],1
[Model Elements],1
[Model Name],2
[Model Table],4
[Module ID],1
[ModuleID-SessionID],15
[Molecular Pathology],17
[Molecular Select Tests],3
[Molecular Tests],3
[Mon Qty],2
[Monarchy Payments],1
[MongoDB Query],1
[Month Bill Final],6
[Month NK],1
[Month Name of Year],1
[Month Name],2
[Month Number of Year],1
[Month Year],1
[Month and Year],1
[Monthly Account Update],1
[Monthly Hierarchy Table],2
[Monthly Rate],1
[Monthly SSC Report$W7:AJ31],1
[Monthly values],4
[Moodle Data],2
[More than 5 years],1
[Most Recent Contact],1
[Movie Genres],1
[Movie Schedule],1
[Movimento Ferramentas],4
[Movimento ferramentas],10
[Multi-Qty Orders],1
[Multiple Records],7
[Multiple\Base\Models\Locations],1
[Music Database],1
[My Cube],1
[My Dev],1
[My Parameter Settings],1
[My Sheet$BI6:DP6],1
[My Sheet],1
[My Users],1
[My cube],1
[MyBI DDS],1
[MystoreDB$Transaction lines],1
[N 900 - 900],1
[N Wind PL2],1
[N-MR Data$],2
[NA Supply],4
[NAVAIR Deficiencies],9
[NAVAUM$A1:IU60000],1
[NAVAUM$A2:IU60000],1
[NETONE\SQLDDL],1
[NETONE\SQLQRY],1
[NEW_ETL AccBalance],1
[NEXT ORDER Nr],1
[NI Number],1
[NIS$Cust_ Ledger Entry],4
[NIS$Detailed Cust_ Ledg_ Entry],3
[NOVEMBER 2014],3
[NR Info],2
[NS MTL],1
[NS NOB],1
[NS OAK],1
[NS TDC],1
[NSArray arrayWithObject:indexPath],1
[NSBundle mainBundle],1
[NSMutableArray alloc],2
[NSNotificationCenter defaultCenter],1
[NSNumber numberWithFloat: volume],1
[NSNumber numberWithInt: 123],1
[NSNumber numberWithInt:0],1
[NSNumber numberWithInt:1],4
[NSNumber numberWithInt:2],3
[NSNumber numberWithInt:3],3
[NSNumber numberWithInt:4],1
[NSNumber numberWithInt:itemID],1
[NSNumber numberWithInt:itemType],1
[NSNumber numberWithInt:myInt],1
[NSNumber numberWithInt:myNumber],1
[NSNumber numberWithInt:nodeID],1
[NSNumber numberWithInt:position],1
[NSNumber numberWithInt:prodID],1
[NSNumber numberWithInt:sumBalls],1
[NSNumber numberWithInt],1
[NSNumber numberWithInteger:eventId],1
[NSString alloc],3
[NSString stringWithContentsOfFile:filePath encoding:NSUTF8StringEncoding error:NULL],1
[NSUserDefaults standardUserDefaults],1
[NULLS COUNT],1
[NYNY INVOITEM],2
[Nama C Boreholes],4
[Name En],1
[Name List1],1
[Name Store],1
[Name of spreadsheet],1
[NameOFExcelSheet$A1:D20],1
[National Standard Codes],1
[Native code: 0],1
[Natural Detail $],1
[Nature of Expense],4
[Navigation Form],1
[Nazwa wymiaru 02],1
[Nazwa wymiaru 04],1
[Nazwa wymiaru 05],1
[Nazwa wymiaru 06],1
[Nazwa wymiaru 07],1
[Nazwa wymiaru 08],1
[Net Profit    ],1
[Net Revenue    ],1
[Net Revenue],2
[Net Sales Revenue],1
[Net Weight Master Data Query],13
[Net Weight Master Data Report],1
[Net Weight Master Data],22
[Net Weight Tracking],5
[Net sale],1
[NetworkInterfaceASIO-RS-0],1
[New Business],6
[New Data],3
[New History],1
[New Items on Order],1
[New Name],1
[New ObjectType],1
[New Research Members Final],7
[New Status],6
[New ZSPWAR Merge],121
[New ZSPWAR Prime],1
[NewB-Coverage: AH],3
[NewID ],1
[News-News],3
[News-News_Newest],1
[Next Service due on],1
[Next of Kin Address],1
[Next of Kin],1
[Node-churn],2
[Non Billable Time],2
[Non Recurring Clinic Step1],5
[Non Triggered Sends Last Month],1
[Non-Delinquient],1
[Non-Preferred Home Addresses],2
[NonClusteredIndex-B-A],1
[Nordlux UK$Item Ledger Entry],3
[Nordlux UK$Item],4
[Nordlux UK$Sales Price],3
[Norms Table],3
[Not Applicable],1
[Not MS],2
[Not Yet Set],1
[Not met],1
[Nov  1 2013 12:00AM],1
[Nov  1 2014 12:00AM],1
[Nov  1 2015 12:00AM],1
[Nov 2013],1
[Nov 2014],1
[Nov-14],1
[Nov-2015],1
[November Amount],1
[Num Orders Split],1
[Number of Ports],1
[Number of Record],1
[Numbers by Quarter and Bedsize],6
[Numeric Distribution],1
[OBJECT    ],1
[OC MPX],4
[OC-EMPLOYEE],1
[ODBC Table],1
[OFFSET DIRECTION],1
[OFFSET DISTANCE],1
[OIL STOP],1
[OLD Loc],1
[OLE DB Destination],5
[OLTP\SQL2014],1
[ONS-PCMD_AGE],4
[OOG DOCUMENTATION CHARGES],1
[OPEN LINES$],2
[OPEN LINES],6
[OPERATION ],1
[OPI DATA],4
[ORDER DETAILS],2
[ORDER HEADER],5
[ORDER SUMMERY],1
[ORDER TABLE],5
[ORDERING UPIN],1
[OS Version],1
[OSG$End User],2
[OSG$Sales Header],6
[OSG$Sales Line],4
[OTH_ICD-10],7
[OTS Analysis Services],1
[OUTPUT 2014],9
[OV2 BAS],4
[OV2 ORE],4
[OV2 RefID],5
[Object Metadata],15
[Object Name],1
[Occupant Liability Per $100 of Limit Of Ins],1
[Oct  1 2013 12:00AM],1
[Oct  1 2014 12:00AM],1
[Oct  1 2015 12:00AM],1
[Oct 2014],1
[Oct 2015 Clicks Returns],1
[Oct-14],1
[Oct-2015],1
[October Amount],1
[Off-site records],9
[Office locations],4
[Offline RN General],5
[Oil ROB],1
[Old Table],1
[On Hand Amount],1
[On Hand Summary],5
[On Hand Units],1
[On Hand],2
[On time performace audits],2
[Open Orders From Yesterday],4
[Opening date],1
[Operating Unit],2
[Operation View],1
[Optima PreChamber Test],1
[Optin Monster],1
[Oracle JE],2
[Oracle Table],1
[Order Data],2
[Order Detail],5
[Order Detail_T],3
[Order Details Extended],4
[Order Details2],1
[Order DetailsTemp1],1
[Order Details],537
[Order Form$],1
[Order Header],2
[Order History],2
[Order Item Detail Audit],1
[Order Item Detail],4
[Order Items],2
[Order Lines],3
[Order Metrics],7
[Order Parts],1
[Order Subtotals],4
[Order Transactions Table],5
[Order detailsTemp1],1
[Order details],6
[Order table],8
[OrderConfirmation-NoXML],1
[Ordered Food Item],3
[Orders Detail],1
[Orders Done],1
[Orders Imported],1
[Orders Missing Seats],1
[Orders Qry],1
[Org 3],1
[Organizations Not In PARTY],3
[Orgs In PARTY Table],4
[Original Table],5
[Other Owner],1
[Our Request Log],1
[Outage Summary],3
[Outcome Table],1
[Outcome Testing],3
[Outlet Master],1
[Outlet Table],1
[Outlet table],2
[Output Table],1
[Outstanding Estimated Net Expense],1
[Outstanding Estimated Net Revenue],1
[Overall Product],3
[Overall Status Report],10
[Overall query],6
[Overhead Net Expense],1
[Overpack Percentages],4
[Owner Name],2
[P ET FA],2
[P-ticket_links],3
[P6 Files AC],1
[PA Description],1
[PA Report],1
[PA Simplex tbl],3
[PACKING SLIPS],2
[PART LIST],1
[PAT Data],4
[PATHWAY LTR],1
[PATIENT NAME],1
[PATIENT PATHWAY],1
[PBM ANE NOM],1
[PCP Name],1
[PDF File],1
[PET -CT LUNG 06-35],2
[PFUser currentUser],1
[PGL DW],1
[PHYSICAL INVENTORY FINISHED GOODS],2
[PLACE-REF],1
[PO Data],1
[PO Exceptions],1
[PO-Lines],1
[PODetail-TotalPcs-TotalCost],2
[POLP - Detailed Debtors Import],1
[PORT DETAIL],1
[PORT TRIP DETAIL],3
[POText-T],2
[PP Engagements],6
[PRIMAFAST LUNA CL],1
[PRIORITY CHARGES],1
[PRODUCT NAME],1
[PRODUCT_NAME   ],1
[PROJ APVL],1
[PROJ TYPE],1
[PROJECT PROGRESS],2
[PRUEBAS$Item Cross Reference],4
[PT-BRText],1
[PTC Import],3
[PUB_op-mstr],5
[PV ON rate],1
[PV Off rate],1
[PY 12Mths],5
[Package Revenue Excl VAT],1
[Packaging and Sizes],1
[Page 1$],4
[Paid Fees],1
[PalletTally Table 2],68
[Pam Availability],2
[Pant Inventory],3
[Parameter change],1
[Parent Name],1
[Parking Lot],1
[Part B Mater Table],4
[Part Number],17
[Part Numbers],2
[Part Pallet Info Table],2
[Part Revenue Exposed Query P1],9
[Part Sales Header],1
[Partial Record],1
[Partner Capital],1
[Partner List],3
[Party Details],2
[Patient ID],1
[Patient accomodation],2
[PayPalPaymentViewController alloc],1
[Payer Account],1
[Payer ID],1
[Payer Name],1
[Payer Type],1
[Payment Amount],1
[Payment Date],1
[Payment File - Q2],1
[Payment File - Q4],1
[Payment Method],3
[Payment No],1
[Payment Processing],3
[Payment Reference],1
[Payment TBL],1
[Payment table],9
[Payroll Employee],3
[Payslip Calc],7
[Pazienti-Medicinali],3
[Peak kVA],3
[Pending Net Expense],1
[Pending Net Revenue],1
[Pending Scans],1
[People Information History],2
[People who are active on another course],2
[Performance Ratio],1
[Perfosine Myslemo],2
[Period     DATA 6b],1
[Period DATA     6b],1
[Period DATA 6b],4
[Periods_2013-2014],5
[Perm_Site Info],1
[Permission Path],1
[Permissive Export_OLD 1],10
[PersistenceUnit: best],1
[Person Client Address Mailing],9
[Pfizer Archer],2
[Phase 2],2
[Phone Number],1
[Phone number],1
[Pht\Cli\Model\UserModel],1
[Pick Area],13
[Picked Today],1
[Picking Lines],2
[Pieces picked],1
[Pilot Milestone],3
[Ping History],2
[Pioneer-CO$Comment Line],2
[Pioneer-CO$Purch_ Rcpt_ Header],2
[Pioneer-CO$Purchase Header],2
[Pioneer-CO$Purchase Line],2
[Pistol-1 Final],4
[Pitch Time],2
[Plan Assemblies],4
[Plan Handle],1
[Plan Lineas],2
[Plan Revenue Expense],12
[Plan Revenue],8
[Planned Fix in Deployment Event],1
[Planned Fix in Event Mgmt Group],1
[Plant Name],3
[Plant Support],3
[Play Session],1
[Player Id],1
[Poem Types],3
[Poject PT$PV Job Item],1
[Policy data revised],3
[Portal$A1:BB9999],1
[Position Number],1
[PositionData820901-D],1
[Post Code],1
[Post Service Feedback],1
[Postcode Lookup],3
[Potential Pilot Engagements],6
[Potentially Bad Time],1
[Poziom 01],1
[Practice Code],1
[Preferred Provider List File Creation Date],1
[Premium Table],10
[Pressure Description],1
[Price Adjustments New Gross Margin],2
[Price Component],3
[Price List and Job Description],2
[Price Per Item],1
[Pricing over Time],2
[Primary key],1
[Primary_Min_2020 ],1
[Prior Month Returns Tbl],4
[Priority 1],1
[Priority 2],1
[Priority 3],1
[Priority 4],1
[Priority 5],1
[Priotitization #2],1
[Private-Accommodation],2
[Prix Revient MPX CMR],2
[Process Info],2
[Process Order],2
[Process Table],1
[Prod Description],1
[Prod Type],1
[Prod-analytics],1
[Producer Well Template],1
[Product A],1
[Product B],1
[Product C],1
[Product Categories],1
[Product Codes],2
[Product D],1
[Product Demand],4
[Product Description Codes],2
[Product Design],3
[Product Details],14
[Product Family Desc],1
[Product Group],2
[Product History],1
[Product ID],7
[Product Information],1
[Product Knowledge],3
[Product Ledger Entry],3
[Product Line L2],1
[Product Line],1
[Product List],1
[Product Master],3
[Product Mktg Name],1
[Product Name],2
[Product Orders],2
[Product Purchases],1
[Product Query],3
[Product Suppliers],2
[Product Table],6
[Product Type],5
[Product category],2
[Product status],1
[Product-Client],1
[Product-ID],1
[Product-import],1
[ProductInformation-ODBC],3
[Product_Customer Invoice],4
[Production Cost Per Job],5
[Production Downtime],8
[Production Lines],6
[Production Month],1
[Production Unit],3
[Production$Sales Shipment Header],1
[Products T],1
[Profile Data],1
[Profit Margin],1
[Program Year],1
[Project Category],1
[Project Details],3
[Project Division],1
[Project Hours],8
[Project Lock                        ],1
[Project Name],1
[Project Performance],1
[Project Reporting Date],1
[Project Request Log TABLE],31
[Project Status$],1
[Projected Sp Status],1
[Projected Status],1
[Projected Timeline],3
[Promo Definitions],2
[Promotion Media],1
[Promotional Keys],3
[Promotional Rates],1
[Proofpoint Attachment Defense],1
[Protective LIVE$Item],1
[Protective LIVE$Net Daily Orders],1
[Provider Code],1
[Provider Table],1
[Provisioned Net Expenses],1
[Public School Districts$],1
[Public Talk Categories],3
[Public Talk Titles],5
[Pull MAC Records by Project # Qry],1
[Purch Line],7
[Purch_ Inv_ Line],8
[Purchase Line Discount],5
[Purchase Line],10
[Purchase Lines],2
[Purchase Order Detail],3
[Purchase Order],18
[Purchase Orders],1
[Purchase Price],7
[Purchase Table],4
[Purchase number],1
[Purchased Fruit],10
[Purchases Headers],3
[Purchases Lines],3
[Purchasing value],1
[Q1001 - Split Transactions],1
[Q2-Followers],2
[QG-V-SQLRPL1-PR],1
[QRY7 time report Query],1
[QRY_ENGINES_2012-YTD],2
[QUERY B],3
[QV lots],1
[Qry Acc Ass Grp All SKUs],1
[Qry Acc Ass Grp DE],1
[Qry Acc Ass Grp EN],1
[Qry Week Totals By Billto and CC],3
[Qry8a Overhead Summary],1
[Qry8b Work From Base Summary],1
[Qry_Zip Stop Sequence],1
[Quality Issues Management],3
[Quality Report],3
[Quality Sheet$],2
[Quantity 6 to 12 Months Ago],1
[Quarterly CLABSI Numbers by Hospital],5
[Query - Sales],4
[Query 2],4
[Query A],2
[Query B],2
[Query Main],14
[Query of first question],1
[Query002-Batches Historical],1
[Question A],1
[Question B],1
[Quote Worktop Labels],2
[R 1120$],1
[R AN ANTIBIOTIC ADMINISTERED],1
[R PNEUMATIC COMPRESSORS INITIATED],1
[RACE CANDIDATES],34
[RBI Order Header],3
[RCDT Database],4
[RE-ACCOUNTS],3
[RE-ARRS-HIST],1
[RE-EX-RAISE-DEBIT-DTL],3
[RE-SUB-ACC-BRKDWN],3
[RE-TENANCY],14
[RE-TNCY-PLACE],2
[RE-TNCY-TRANS],9
[RE-WEIGHTMENT CHARGES],1
[REACH Reference],1
[READY FOR DISPOSAL],2
[READY FOR SERVICE ACT],1
[READY FOR SERVICE EST],1
[REEFER ELECTRIC CHARGES],1
[REFERENCE LINE],1
[REMOTE-SRV],1
[REPS-PostcodeABBR],5
[RE_ACCOUNT-TYPES],4
[RFID Issue time],1
[RFID TAG SCAN],2
[RIM DIAMETER],1
[RIM Diameter Lookup],1
[RIM WIDTH],1
[RKM System],1
[RM-CONT],1
[RM-JOB],19
[RM-LINK-JOBS],2
[RM-LOC-COMPONENT-CYCLES],9
[RM-LOC-COMPONENT],7
[RM-PRIORITY],1
[RM-STAGE-HISTORY],9
[RMP Administrations],4
[RMS Live$Artwork Brief],1
[ROI         ],1
[ROM Acknowledgement],1
[ROOM NIGHTS],2
[ROUTES ],1
[RPL Link],1
[RPLEvidence options],1
[RT MD Bajar],1
[Rack 1],1
[Rack 2],1
[Rack 3],1
[Rack 4],1
[Rail_Equipment_Accident_Incident_Data 2],1
[Random LP Picker],2
[Random Vendors],1
[Range Card Master Mailer],6
[Rate-45Query],4
[Rates by Quarter and Bedsize],4
[Raw Contract Data],4
[Raw Data],9
[Raw Scores],8
[Raw material reg info],5
[Raw_Item-FieldReport],1
[Reading National Standards],1
[Reading Statements],1
[ReadingController creationString],1
[Real Data],1
[Receipt Audit],2
[Receipt Cash Book],7
[Receivables$B10:K32],4
[Received Projects],4
[Receiving Entry India],1
[Record Link],3
[Reden Uitstroom1 2014],1
[Reduced_T_Rappro_N - 1],1
[Ref Dealer],1
[Ref Prod],1
[Ref-SCALELIST],8
[Reference Date],1
[Reference No - Quotation],3
[Referrals - Contacts Within Organisations],1
[Region L3],1
[Regional Personnel$],1
[Regions - Branches],4
[Register Data$],1
[Registo de Calib],3
[Registration Number],1
[Registration Status Record],4
[Registrazioni Magazzino],3
[Renewal Date],1
[Renfrewshire Raw Data],14
[Rental Line],1
[Rental Query],7
[Rep Completed IS Detail As Of],15
[Replacement NPI],1
[Report 1$A9:P9756],3
[Report 1$],1
[Report 2$A11:C9761],2
[Report 3$A3:B6682],2
[Report Details],1
[Report Making],3
[Report Pull],2
[Report Query],7
[Report Year],2
[Report data],1
[Report$A1:A30],2
[Report$A2:AM50000],1
[Report-New-History],1
[Report-New],1
[Reporting Org Hrchy],2
[Reporting of Cases],9
[Reports and Information Acquisition],3
[Republic Approved],1
[Republic Disbursed],1
[Republic Repaid],1
[Req Update],3
[Request Boxes],3
[Res List],4
[Res System],1
[Resolution code],1
[Resolved Results$],1
[Resources Rates],6
[Responding Members],3
[Responsible Person      ],1
[Result Map],3
[Results Table],1
[Resume-Tbl],1
[Returns Data],5
[Reukema Blocq Maneschijn BV$Time Slot ],1
[Revenue Difference],1
[Revenue Raw Data],2
[Review Results],10
[Review status update],3
[Reviewer Score Averages],1
[Ridgeview Math],1
[Ridgeview Reading],1
[Rifle-1 Final],4
[Rigid Industries$Item Ledger Entry],1
[Rigid Industries\$Item Ledger Entry],3
[Road tax],1
[Roll No],1
[Roster Role],2
[Route tbl],14
[Rows Formatted],1
[Run End],1
[Run Start],1
[S MTL],1
[S NOB],1
[S OAK],1
[S TDC],1
[S-Num230kRecords],4
[S1:  Basic Source Query],6
[SA-udf-Str-Parse],1
[SAILING SEGMENT DETAIL],2
[SAILING TRIP DETAIL],3
[SALES Transactions_V],1
[SAP Data],2
[SAP Material Number],1
[SC Vermorel SRL$CalitateCTC],4
[SC Vermorel SRL$Customer],2
[SC Vermorel SRL$PregatirePROD],3
[SC Vermorel SRL$Prod_ Order Line],3
[SC Vermorel SRL$ProductieVE],2
[SC Vermorel SRL$ProductieZilnica],9
[SC Vermorel SRL$Production Order],23
[SC Vermorel SRL$Routing Line],4
[SC Vermorel SRL$Sales Header],3
[SC Vermorel SRL$Sales Line],7
[SCADA DB Tags],3
[SEAL CHARGES],1
[SECOND SUBQUERY],1
[SELECT BWYearID FROM @TmpBudget1AccountCodes AS Actual1],1
[SELECT BWYearID FROM @TmpBudget2AccountCodes AS Actual2],1
[SELECT BWYearID FROM @TmpBudget3AccountCodes AS Actual3],1
[SELECT d FROM Dog d],1
[SELL ALL],4
[SERVER-01],1
[SERVER1\INSTANCE1],1
[SERVER\INSTANCE],1
[SFDC WorkInitiated],1
[SG report MPD-4153],1
[SG report],1
[SHEET1$A1:Z1],1
[SHIFTING CHARGES],1
[SHOP FLOOR PRODUCTION PLAN],6
[SHeet1$A1:H330],1
[SIX MOS],3
[SKU Order$],2
[SOME DATATBASE HERE],1
[SOURCE 3],1
[SP List],1
[SP-Agency],1
[SP-Client],3
[SP-Guard-Agency],1
[SP-Guard],1
[SP-Job],3
[SP-ScheduleCall],7
[SP-Shift],7
[SP-Site],5
[SP-TrackingCall],2
[SPC Data],3
[SPO Data Entry Table],1
[SQL DEST TABLE],1
[SQL Statement],1
[SQL Test Data],2
[SQL Used],1
[SQL table],1
[SQL02\DEV1],1
[SQLAExport DEC 2017],3
[SQLCE-table],1
[SQLIMELTC\IMELTCPROD],1
[SQLMtest-BIS-BUS-BPS_system_agent_lookup],1
[SRVOLD\SQLDESA],2
[SRVTEST\SQLDESA],2
[SS$DP - Order],1
[SSI$Sales Price],1
[SSP RE Preferences],3
[SSR CHARGES],1
[ST Model],1
[START DATE],1
[START TIME],1
[STC_GL-STC],3
[STDS_SCENARIO: TEST],11
[STEP 1: SYSCO_CITY_UPDATE],2
[STEP 2: SYSCO_ITEM_CAPTURED],2
[STEP 3: SYSCO_REST],2
[STEP 4: SYSCO_UPC_CAPTURED],1
[STG Dim Date],3
[STG Hashing Holidays],4
[STOCK DICTIONARY],3
[STOCK NO],1
[STORAGE CHARGE],1
[SU SYS-TO DATE],2
[SUB QUERY],3
[SUB-EST2014_ALL],4
[SX FLAG],1
[SYM XLS Queries],1
[SYNNEX CURRENT],8
[Sac Haddehanesi Kalite Kontrol],1
[Salary Deductions],2
[Salary Payslip],2
[Sale Master],1
[Sale Staff Member Table],1
[Sale Types],1
[Sales Analysis],4
[Sales By SKU Units],16
[Sales By SKU Value],7
[Sales Data],3
[Sales Details],11
[Sales GM],1
[Sales Header],14
[Sales Invoice Header],31
[Sales Invoice Line],21
[Sales Journal],2
[Sales Ledger Transactions],1
[Sales Line Archive],1
[Sales Line],12
[Sales Org SKU],1
[Sales Org Ship to Party],1
[Sales Price],10
[Sales Rep],4
[Sales Representative],1
[Sales SalesOrderDetail],1
[Sales Shipment Header],6
[Sales Shipment Line],11
[Sales Summ],3
[Sales Table],1
[Sales Territory Country],2
[Sales Today],2
[Sales Totals by Amount],1
[Sales Transactions],1
[Sales Units New Brand],1
[Sales Units New Claim],1
[Sales Units New Flavour Fragr],1
[Sales Units New Line Extension],1
[Sales Units New Manufacturer],1
[Sales Units New Packaging],1
[Sales Units New Product Form],1
[Sales Units New Size],1
[Sales Units New Style Type],1
[Sales Units with Innovation],1
[Sales Units],1
[Sales Value New Brand],1
[Sales Value New Claim],1
[Sales Value New Flavour Fragr],1
[Sales Value New Line Extension],1
[Sales Value New Manufacturer],1
[Sales Value New Packaging],1
[Sales Value New Product Form],1
[Sales Value New Size],1
[Sales Value New Style Type],1
[Sales Value with Innovation],1
[Sales actuals],1
[Sales and Marketing],1
[Sales and Stock],1
[Sales structure],10
[Sales targets],1
[SalesOrder Details],7
[SalesPage Reps],1
[SalesReg Union],3
[SalesTerritoryFilter_Check all that apply],2
[Salesboard Working Days],22
[Salespage Reps],7
[Sample #],1
[Sample Data],2
[Sample Proposal List - 2021$A6:AB170],1
[Sandwiches Types],2
[Sat Qty],2
[Scene Id],2
[Schedule Data],3
[Schedule Type],1
[Scheduled Follow Up],1
[School Admin Aug 2012],1
[School Types],2
[Scorta a magazzino],3
[Scourge_18-54_Total],2
[Scroll Depth Threshold],1
[Search Events 2014],11
[SearchByName - GrandChildren],1
[SearchByName - Holding Companies],1
[SearchByName - Level 1 Subsidiaries],4
[SearchByName - Level 1 subsidiaries],1
[SearchByName - No Filter],99
[SearchByName - No filter],1
[Second - Table$],1
[Second Email Campaign],1
[Second Mail Campaign],1
[Sector level],2
[Select Table],3
[Selek Danmark$Bin Content],4
[Selek Danmark$G_L Budget Entry],10
[Selek Danmark$Item],4
[Selek Danmark$Warehouse Entry],4
[Selek$G_L Budget Entry],4
[Selling value],1
[Semantical Error],1
[Sep  1 2013 12:00AM],1
[Sep  1 2014 12:00AM],1
[Sep  1 2015 12:00AM],1
[Sep 2014],1
[Sep-14],1
[Sep-2015],1
[September Amount],1
[Serial Numbers],3
[Serial-Keys],1
[Server1\Instance1],1
[ServerName\SQLEXPRESS],1
[Server\Instance],1
[Service Aquired on],1
[Service Calls],10
[Service Header Table],4
[Service Invoice Header],6
[Service Invoice Line],8
[Service Line Table],3
[Service Line],1
[Service Now Position Name],3
[Service Order Labor],7
[Service Orders],8
[Service Rep],4
[Service Requests],5
[Service Schedule],1
[Service Team table],4
[Service Types],3
[Service category],3
[Service number],1
[ServiceNow Role],3
[SessionController creationString],1
[SetUp Start],1
[Settlement Line],5
[Shared Mailbox User],3
[Shared Mailbox],3
[Shares getLanguage],1
[Sheenal Claims Data],2
[Sheenal Policy Data],2
[Sheet #1$A1:A22],1
[Sheet #1$],1
[Sheet 1$A1:B10],1
[Sheet 1$],2
[Sheet Name$A2:B10000],1
[Sheet$A7:AZ13],1
[Sheet0$A2:J],1
[Sheet1$A10:E],1
[Sheet1$A15:E999],2
[Sheet1$A1:A100],2
[Sheet1$A1:A1],3
[Sheet1$A1:A9],1
[Sheet1$A1:AI65000],1
[Sheet1$A1:AI65437],1
[Sheet1$A1:B10],2
[Sheet1$A1:D14],1
[Sheet1$A1:D20],1
[Sheet1$A1:J200],1
[Sheet1$A1:N12790],1
[Sheet1$A1:NC3],1
[Sheet1$A2:C],1
[Sheet1$A2:K2],1
[Sheet1$A3:A3],1
[Sheet1$A3:M],1
[Sheet1$A4:I10000],1
[Sheet1$A5:EC5],1
[Sheet1$A8:V],1
[Sheet1$A:B],1
[Sheet1$A:D],1
[Sheet1$A:GR],1
[Sheet1$B14:D65535],1
[Sheet1$B1:B1],1
[Sheet1$B20:N5000],1
[Sheet1$B2:E10],1
[Sheet1$B:B],1
[Sheet1$B:D],1
[Sheet1$C1:R],1
[Sheet1$D16:D16],1
[Sheet1$D1:D15],1
[Sheet1$D2:D2],3
[Sheet1$D:D],1
[Sheet1$E1:E1],1
[Sheet1$F:F],1
[Sheet1$M:M],1
[Sheet1$O:X],1
[Sheet1$a1:a8],1
[Sheet1$a4:c],1
[Sheet2$A1:A22],1
[Sheet2$A3:C34],1
[Sheet2$L4:P24],1
[SheetName$A1:FZ1000],1
[Shift Offer],2
[Shift Production Log],1
[Shift Report Table],2
[Ship-out Details],1
[Shop Hierarchy],1
[Shopko Commit],1
[Shopping Cart],1
[Short Term Storage],1
[Show Last Two Payslips],2
[ShowTex Belgie NV$G_L Entry],5
[ShowTex Belgie NV$Sales Invoice Header],3
[ShowTex Belgie NV$Warehouse Entry],3
[SiebelAccount Extract],5
[Sim VehRecord],3
[Similar Query of first question],1
[Single Qty Orders],1
[Site ID gets     generated],1
[Site ID gets generated],2
[Site Report$a2:X10000],1
[Site Specific],1
[Size List],3
[Size Profiles],1
[Size of the commit limit reported by the operating system in KB],1
[Skids $Orders],1
[Skill 1 ],1
[Skill 2],1
[Skill 3],1
[Skill Group],3
[Skill Master$],1
[Skills$A:D],1
[Slash Series Query],4
[Sleepys Store List],1
[Slot 1],2
[Slot 2],2
[Slot 3],2
[Slot Machine Configurations],1
[Sm Reads Master],1
[Sm Reads Oct],1
[Sm Reads],1
[SnapShot-CS],5
[Snowman Logistics Limited$Item Ledger Entry],7
[Software Details],4
[Solar data],7
[Some Cube],1
[Some Data],5
[Some WorkSheet$],1
[Song Artist Information],1
[Source 1],7
[Source 2],2
[Source Alloc-A21],1
[Source Alloc-F21],1
[Source Amount],1
[Source Comments],1
[Source Contacts],1
[Source Income],1
[Source: players],1
[SourceData$A1:IV6],4
[Spec Components],1
[Specimen ID #],1
[Spectrum Geo Limited$Purch_ Inv_ Header],2
[Spectrum Geo Limited\$Purch_ Inv_ Header],1
[Speicherorte BE_DB$],1
[Spier Live$Value Entry],26
[Spinal Compression],2
[Spinal Cord Retreat],2
[Stack Overflow NEW 1],5
[Stack Overflow NEW 2],4
[Staff Notes],1
[Staff Programs],5
[Staff Table],1
[Staging Discount Line],3
[Stammdaten Datum],5
[Stammdaten Statistik],2
[Stamped Serial number],1
[Standard Brk],1
[Standard Cost Mfg],1
[Standard Cost Qty],1
[Standard Data],1
[Standard SubBrk],1
[Star model incremental],1
[Start Date  Unloading],1
[Start Date],5
[Start Time],1
[Statement uploading each row to SQL Server using an INSERT INTO statement],1
[Station Master],4
[Status   ],1
[Status Scorecard],1
[Status Table],2
[StatusTracking Query],3
[Status_Picker selectedRowInComponent:0],1
[Std Table],2
[Steel Mill Product Name],1
[Steeping Start Date],1
[Step 0103 - CE: CE Source],3
[Step-by-Step],2
[Stock Conversion Items],14
[Stock Conversion],12
[Stock Detail Item],2
[Stock Inventory],3
[Stock On Hand],1
[Stock Report],3
[Stock UDF],2
[Stockkeeping Unit],2
[Stockkeeping Units],4
[Stop Zip],2
[Storage Data],1
[Storage Static],1
[Store Details],5
[Store Price],2
[Store Reactive Matches All Cust],1
[Store names],1
[Stored Procedure],1
[Str Cr],1
[String : Any],2
[String: CancelledObject],1
[String:AnyObject],1
[String:CancelledObject],1
[Student 123],3
[Student Contact],5
[Student Details],1
[Student Extra],1
[Student ID],1
[Student Information t],3
[Student MajorID],1
[Student Major],1
[Student Register],1
[Student data],6
[Student-Career],3
[Student-Topic],3
[StudentController creationString],1
[Students Info],1
[Study Information],4
[Sub Category Name],1
[Sub Market Segment Desc],1
[Sub Process],5
[Sub Table],1
[Subrecipient Information],1
[Subscribed Email IDs$B4:C30000],1
[Subscribed Email IDs],3
[Subscription Amount],2
[SubscriptionList$B4:J30000],1
[Subsystem List],3
[Sultanate Approved],1
[Sultanate Disbursed],1
[Sum Of Payments Query],6
[Sun Qty],2
[Supervisor List],3
[Supervisory Description],1
[Supplier Details],3
[Supplier ID],1
[Supplier Link],2
[Supplier Name],2
[Supplier link],1
[Support Dashboard Case Data],24
[Support Provider],6
[Support Staff],1
[Survey Questions],4
[Survey Results],2
[Switch Port Matrix],1
[Sybase table],1
[SynergyReport 2],3
[System Settings],1
[Systems List],3
[T Prayer Requests],4
[T09a: CDFI Award Records],8
[T3 3 FAAR rensket],2
[TA-Arbeitszeit],1
[TABLE - TRANSACTION],2
[TABLE 01 $TRANSACTIONS],1
[TABLE 01],1
[TABLE 1],17
[TABLE 3],5
[TABLE C],3
[TABLE DOCUMENT],1
[TABLE Import],1
[TABLE LAYOUT],3
[TABLE$Change Log Entry],1
[TABLE$Leave Request],12
[TABLE-A],1
[TABLE-SIZING],1
[TABLE-Sizing],1
[TAX-EXEMPT],2
[TB-001_ISB],1
[TB-002_ISDB],1
[TBL_2012-13YTD_ENGINES],1
[TBL_C_Mapped SpendData_12_2014OLD03312015],2
[TBM Station],4
[TB_AGENDA-VENDEDOR_CLIENTES],2
[TB_AGENDA-VENDEDOR_VENDEDORES],3
[TDB - Master - Trainee Attendence],3
[TDS Escrow Projections],3
[TDS LOANS],6
[TEST JANUARY 2016$Item Ledger Entry],1
[TEST JANUARY 2016$Item],1
[TEST JANUARY 2016$Prod_ Order Line],1
[TEST JANUARY 2016$Sales Line],1
[TEST My Company $Job Queue Log Entry],1
[TEST ORDER],1
[TEST Weekly Sales D],1
[TEST-Link],1
[TEST-SQL-TEST-02],1
[TEST\\Models\\Login],1
[TH v THL],1
[THE QUERY ABOVE],1
[THIS IS A TABLE],1
[TI-003_ISBDB],1
[TIMS90-Claim_JUL2013],1
[TOTAL DEPOSIT],1
[TR-SF-PROD],1
[TRAINING COURSES],3
[TRP$Lease Car],1
[TRU$Item Ledger Entry],1
[TRU$Sales Line],5
[TRXN DATETIME],1
[TS 360 Scripts$],1
[TSO Leader],3
[TSW Details],10
[TSW Master],7
[TT2870-LA Active],1
[TT: StationSubType Values],5
[TU FAR Before VB],1
[TV Attributable],1
[TYPE OF SHOWS],1
[Tabela Equipamentos 2012],1
[Tabela Equipamentos ULSM Geral],6
[Tabella Ponte Distinte 4_0],5
[Tabl A],2
[Tabl B],2
[Table #1],1
[Table #2],3
[Table - A],3
[Table - Item and Company Forecasted Sales],8
[Table - Item and Company Historic Sales],5
[Table - Sales Details],1
[Table - Summary],1
[Table 1 location],4
[Table 100],1
[Table 1],79
[Table 3],4
[Table :   Purchase],1
[Table : Product],2
[Table : PurchaseDetails],3
[Table : Purchase],2
[Table C],17
[Table Clustering],1
[Table D],2
[Table Group],1
[Table Material Label],27
[Table Order],4
[Table Valued Parameter],3
[Table X],1
[Table to copy To],1
[Table with exclusion field],1
[Table-1],1
[Table-2],1
[Table-A],1
[Table-B],2
[Table-D],1
[Table1 ],1
[Table: Supplier],2
[Tables$A1:B5],1
[Tag ID],1
[Tag Information],1
[TagRegister Query - All],3
[Tarceva Biomarker ICORG 11-21],2
[Target ],1
[Targets Raw Data],1
[Tasble-B],1
[Task Copy],1
[Task Engine Program Landing Select],1
[Task Notes],3
[Task Table],4
[Tbl 01 RDM DB],9
[Tbl 02a Pending Inspection Items],10
[Tbl_Category Path builder],1
[Tbl_Max_Non-Preferred_Address],1
[Team Id],1
[Team Members],3
[Team System],2
[Team Table],3
[Technical Information Gathering],3
[Teile-LF-Beziehungen],3
[Telephone Type],3
[Temp 2],1
[Temp Data],2
[Temp Table],1
[Temp Test Data],4
[TempSheet$A1:U182],1
[Temperature Description],1
[Template Library],1
[Temporaer-Prozessplan-Resultat],6
[Temporary for MRC Update],3
[Teradata Database],2
[Term Record Creation],1
[Term Year],2
[Test 1-01],1
[Test 1],3
[Test 2],3
[Test Festive Place],1
[Test-Answers],1
[Test-Inputs],3
[Test_2019 Anniversary Step 2],10
[Testing Field Final],4
[Text File Purge Profiles],1
[Text File],1
[The Above Union Query],1
[The Cravings Group 2013$G_L Entry],3
[The Quantity of feeling productivity is your happinnes],1
[The list of ALL buildings],1
[The list of built buildings],1
[This Month],1
[This Week],1
[Threshold Enterprises$Item],6
[Threshold Enterprises$Warehouse Entry],4
[Thu Qty],2
[Thyroid Surgeries],1
[Ticket Summary],1
[TicketFeedback Tool],1
[Tier 1],1
[Tiered Table],1
[Time Card],3
[Time Day Lookup],1
[Time Keeper Detail],9
[Time and Demand],4
[Time since 1970],1
[Time table],3
[Time-Table],4
[TimeTrackingLog-sql],2
[Timeline Events],1
[Timeline People Births],1
[Timeline People Deaths],1
[Tire Size],2
[Tisch 1],1
[Title Clearing],3
[Title Name],1
[TmpSheet$A1:U4],1
[Tobacco Query],2
[Tomcat 19032013 01],1
[Tool Management],1
[Top NAD Issues by Month Link],3
[Top NAD Issues by Month],1
[Topic Reports],1
[Total - BOQ],6
[Total 2013],1
[Total 2014],1
[Total 2015],1
[Total Amount],2
[Total Disk Size],1
[Total Experience],1
[Total Number of Passengers],1
[Total Orders],1
[Total Profit],2
[Total Qty],1
[Total Value],1
[Total Wages Group by Pers No],1
[Total Withdrawal],2
[Total price],2
[Tourney Id],2
[Trade Overview],4
[TradeFile$A3:G5000],2
[Trading Calendar],1
[Trading$Purch_ Inv_ Line],4
[Trading$Purchase Header],5
[Trading$Purchase Line],9
[Traffic Report Totals - Query],4
[Trailer Code],1
[Training History],4
[Training Summary],2
[Training WLS],1
[Trans_ Sales Entry],14
[Transaction Comments],1
[Transaction Isolation],1
[Transaction Register],5
[Transaction Table],5
[Transaction Type],2
[Transaction details],14
[Transactional History-test],1
[Transactional History],1
[Transfer Excise Tbl],45
[Transfer Shipment Line],29
[Transfusion ID],1
[Transfusion Record],4
[Translation Color],1
[Translation Table],2
[Transplant Organ Information],1
[Transport Type],1
[Trio Data Group A$],1
[Trivilita UAB$Prod_ Order Line],2
[Truck Table],2
[TruckModel-PB],3
[TruckRental-PB],3
[Tue Qty],2
[Turbopompes Maintenances],1
[Type Group],1
[UB-04_line_items],5
[UB-04s],21
[UBL_Budget Status],4
[UBL_Nature of Expense],4
[UBS Reps DTP],9
[UETTDRSB39A Criteria],12
[UIApplication sharedApplication],2
[UIC160\SQLEXPRESS],1
[UID Only],8
[UK_Telco_Pressure_2018Q3_2019-01-31 W2],2
[UK_Telco_Pressure_2018Q3_2019-01-31 WEEK1],1
[UK_Telco_Pressure_2018Q3_2019-02-26 W6],1
[ULTRAOVEN CPR],1
[UMG sent 2016],3
[UNION subselect],1
[US Zip Codes],4
[USER WHO CREATES THE TABLE],1
[USER-PC\SQLEXPRESS],1
[USSIC Aviation],1
[UTC Time Stamp for Event],1
[U_Concatenar_Invoice Control],4
[Ultra_Cleansed_Vendors_Assist-test],1
[Uneek Clothing Company Ltd$Cust_ Ledger Entry],3
[Uneek Clothing Company Ltd$Item Category],2
[Uneek Clothing Company Ltd$Sales Invoice Header],3
[Uneek Clothing Company Ltd$Value Entry],5
[Unique CC Item Number Database],2
[Unique TKRS Users],2
[Unit Owner Listing],9
[University Issuing Body],1
[University Issuing Body_1],1
[University Issuing Body_2],1
[University Issuing Body_3],1
[Unlock CacheTable],1
[Upper Threshold],1
[Usage-08],1
[Used Time2],2
[Used Time],2
[User Actions],3
[User Name],1
[User Query],1
[User Record],4
[User SID],1
[User::Object],1
[User::ResultSet],1
[UserInfoComputed ],1
[UserLevel ],1
[UserProfile12_7-512-1mb],8
[UsersInRoles ],3
[V$A1:M100],1
[VALUE ADDED CHARGES],1
[VIEW NAME],1
[VIEW_TYPE ],1
[VIEW_Teile-LF-Beziehungen],1
[VISIT DATA],3
[VISIT REPORT],2
[VKeySTIG_ BreakDown],1
[VOL Dec 2016],1
[VOL Nov 2016],1
[VVS Eksperten AS Salg$Item Ledger Entry],10
[VVS Eksperten AS Salg$Value Entry],4
[VWR EXPORT CondoFeed],2
[Vacation Audit Care 2017],2
[Valpo-SIG],1
[Value Entry],3
[Value Id],2
[Variable to Risk Code Link],1
[Variant Stock Location],1
[Variant Transaction Header Total],1
[Variant Transaction Header],1
[Veh Reg Time],1
[Vehicle Spot Check],4
[Vendor Ledger],5
[Vendor List],2
[Vendor Matter Detail],4
[Vendor Risk Score Query],5
[Vendor Tool Input],8
[Venta Abril 2013],1
[Venta Agosto 2013],1
[Venta Ene 2013],1
[Venta Feb 2013],1
[Venta Julio 2013],1
[Venta Junio 2013],1
[Venta Marzo 2013],1
[Venta Mayo 2013],1
[Venta Oct 2013],1
[Venta Sept 2013],1
[Vente A],1
[Vente B],1
[Vente MPX],6
[Verploegen POC$G_L Entry],4
[Verploegen POC$Item],8
[Verploegen POC$Purch_ Inv_ Line],12
[Verploegen POC$Sales Invoice Header],4
[Verploegen POC$Sales Line],2
[Verploegen POC$Stockkeeping Unit],18
[Verploegen POC$Vendor Ledger Entry],9
[Verploegen POC$Vendor],21
[View A],4
[View_LSS_Reporting_Cost rates],1
[Visit Date],1
[Visit Id],1
[Visitor Tours Done Showing Year],2
[Visits in Following 90-day Window Per Visit],3
[Voided Date],1
[W-4],3
[WASTE APPLICATION INFORMATION],1
[WB IN],1
[WB OUT],1
[WC-Stages$],1
[WEIGHMENT CHARGES],1
[WHERE condition],1
[WHERE conditions],1
[WICA subclass mapping],3
[WLS TA],1
[WORK DATE],1
[WORK ORDER NOTES],1
[WORK ORDER STATUS],1
[WVWC DATA CUBE FROI SROI],1
[Warehouse Division],1
[Warehouse Entry],10
[Watch History],1
[Water Tax],1
[WaterUseDataPermits - RelatedPermits],1
[Weapon Information],10
[Web Property],1
[Web Team Servers],1
[Website Interactions - Raw2],1
[Website Interactions - Raw],1
[Wed Qty],2
[Week 1],2
[Week 2],3
[Week 3],3
[Week 4],3
[Week Calendar],1
[Week Day Name],1
[Weekly Data],3
[Weekly Mail Delivery Times ByServer],1
[Weekly Report],1
[Weeks Off],1
[Weighted Distribution],1
[Werklast uren],1
[Wings$Item Category],1
[Wings$Item Ledger Entry],1
[Wings$Item Variant Registration],1
[Wings$Item Variant],1
[Wings$Picking _ Receiving lines],1
[Wings$Product Group],1
[Wings$Purchase Line],1
[Wings$Sales Price],1
[Wings$Store Price Group],1
[Wings$Trans_ Sales Entry],1
[With Spaces$Ingredients],1
[Word List],1
[Work Activities],3
[Work Code],3
[Work Codes],3
[Work Details],6
[Work Order],1
[Work Orders],3
[Work records],2
[Worker Listing],1
[Worker-Detail-12312018],1
[Worker-Detail-12312019],1
[Working Codes],2
[Works Instruction Record$],1
[Wound Management],2
[Wound Type],2
[X Limited$Item Ledger Entry],11
[X Limited$Value Entry],2
[X-ERROR_TABLE],1
[XLS$Item Ledger Entry],1
[XLS$XLS Calendar],4
[XT-CS],1
[XX2 Sectors],1
[XXX-document-db],1
[XXX10_2006-2010],3
[XXX10data_2001-2005],3
[XXX9_data_1993-1996],3
[XXX9_data_1997-2000],3
[XXXLong_1993-1996],5
[XXXLong_1997-2000],5
[XXXLong_2001-2005],5
[XXXLong_2006-2010],5
[XX\XX],1
[XYZ$Item Ledger Entry],2
[X_ PRIMARY _PHYS_ID],1
[X_ REFERRING_PHYS_ID],1
[Y Summary],3
[YEAR -  QUARTER -  MONTH],1
[YING DATE TABLE],2
[YK CAPP],2
[YOUR MOM],1
[YTD Leavers],3
[YTD-Daily_Report],2
[Year 1 costs],1
[Year Month],1
[Year of Release],1
[Year-Month],1
[Yearly Pv],1
[Yoga-Session],1
[Your Cube],1
[YuGiOh-Cards],1
[YuGiOh-Users],1
[YuGiOh-VDecks],1
[Z Market Table],5
[Z Service Codes New],1
[Zenon data$Final Quality Control],14
[Zenon data$Item],3
[Zenon data$Production Entry],2
[Zim Phase 3 - Combo of Phases 1 - 3 _ 6 Aug For SQL Master],2
[Zip Code Count],3
[Zip Code List for Template$],1
[Zip Code List],2
[Zip Code],1
[_e:CComponent:private],2
[_e:private],1
[_id : tagid ],1
[a MEDICO],3
[a PACIENTE],2
[a checkbox on a form that indicates whether the user wants the condition],1
[a database],1
[a lot of tables],1
[a table],2
[a-z A-Z],1
[a-z],1
[a-z_],1
[accessID integerValue],2
[account ],1
[account name],1
[active plant parts made from dept produced components usage],6
[actual ExpectedActionDt],1
[agent fees],3
[agreed at],1
[agreed with],1
[airport-codes_csv],1
[all sales data],2
[all tables from all databases - query above],1
[all tables],3
[all the same as above],1
[all vendor Rebates],2
[allocation pending],1
[amr-aws-xyz],1
[an array],1
[anagrafica spedizioni],1
[ar order detail],6
[ar order],2
[archivio globale],1
[arrayTables objectAtIndex:i],1
[arrayTables2 objectAtIndex:i],1
[articelnumber 1],1
[articelnumber 2],1
[articelnumber 3],1
[articelnumber 4],1
[articles ],1
[attribute 1],1
[attribute 2],1
[auto kada sia$item ledger entry],1
[autowin both],1
[autowin precinct],1
[backup-masterlist],2
[base:nodeType1],1
[base:nodeType2],1
[bba-reman],1
[bear revenue],7
[billing header],1
[bird point counts bound query],4
[bla bla],1
[book calc],22
[bottleIDPassFinal objectAtIndex:a],1
[bunch of stuff],1
[byte of 108],1
[byte of 120],1
[c# barcode],3
[c1 barcode],3
[c500 CP_Simulation],1
[c96a83ff-3cdb-4a03-b118-df3eff591c27],1
[c_Edited Key Comments],2
[c_Edited Minutes],2
[cache\$Service Header],9
[cache\$Service Item Line],11
[calc ExpectedActionDt],1
[calc IntegratedReleasePlanDt],1
[calculation for B],1
[candidate number],1
[career history extra detail],1
[career history],2
[cargo event detail],1
[cash-entries],2
[ccs$C1:B20],1
[ccs$C1:C20],1
[change vote],1
[chosen Table],1
[city ],1
[clr-func],1
[club 1],1
[club 42],1
[cndatabase scada_pl_oxidation_study_14102020],1
[coding pending],1
[col a],1
[column name],1
[combination of tables goes here],1
[company name$Dimension Set Entry],4
[company name$G_L Account],3
[company name$G_L Entry],17
[company$Inventory Comment Line],2
[company$Sales Analysis],3
[company$Trans_ Payment Entry],3
[company$Trans_ Sales Entry],10
[company$Transaction Header],6
[company$Transfer Header],4
[company\$sales header],3
[company\$sales line],3
[complex select statement],5
[connection string],1
[contents of the view itself],1
[copy from],1
[corrupted table],1
[count Order Number],1
[country_code ],1
[course enrolment],3
[course participation],3
[cq:Component],3
[cq:PageContent],7
[cq:Page],4
[cq:ReplicationStatus],2
[csv_07-14-2014_22-29],1
[csv_07-14-2014_22-30],1
[csv_07-15-2014_10-00],1
[cube name],1
[current supervisor],1
[cust date table],3
[cust_ ledger entry],3
[customer records],23
[customer table],1
[dam:Asset],4
[dapPath lowercaseString],1
[data sekolah],2
[data set],1
[data$A1:A20000],1
[data$a1:c3],1
[data$e1:g3],1
[databasePath UTF8String],1
[date-table],3
[db-table],1
[dbo_Master Shared Compliance Review],1
[dbo_NCR User Input],2
[dbo_Order Details],5
[dbo_RX Reporting],6
[dbo_Visual table],1
[dbo_a Table - SQL Invoice Level],5
[def look-up],1
[default cg],1
[default-table],1
[department component usage and assembly type],1
[derived table containing the search query],1
[desktop-order-data],1
[dest table],1
[destination table],4
[detailed cust_ ledg_ entry],6
[details ],1
[detc-or-ar],1
[dim country],2
[disk db],1
[distinct account_table],1
[doVe Electro-Chemo],2
[documentdb-events],1
[drop table graph_discovery],1
[e-mail],1
[e-request],2
[edp code],1
[element:protected],1
[elements:protected],1
[employee database],2
[enter image description here],1
[error userInfo],2
[eventhubs-events],4
[events-input],1
[evt_Building Permits],2
[exc2 - orders],5
[exc2 - product],3
[exec proc1 empID],1
[execute : 236],1
[f6f87bf0-33ab-4882-8674-2cb31e5e49c4],1
[fCen1-20],1
[fact_PSA$Ax:Bx],1
[fcm-dw:acquisition_ciq],1
[feuil 1$],1
[fh-bigquery:reddit_comments],2
[fields ],1
[file $],1
[file name],1
[fileID-Street],4
[fileID-blockLot],2
[fileName$C2:C100],1
[filename$C2:C100],1
[fill-in-the-blank],1
[filtering self join],1
[final status],1
[first Name],1
[first name],1
[first query result],3
[first table],3
[fiscal  year],1
[fix percents],1
[form classes],2
[four letter c-codes],4
[freedom-fighters],1
[full result],1
[game-statistics2018],1
[game-statistics2019],1
[game-statistics2020],1
[gb-hierarchie],1
[gbips-i-db48d\sql2008r2],1
[gl-entry-trailer],6
[grand total sent from smc],1
[has father],1
[has mother],1
[home-meteo],1
[homework-3-cc-database],2
[hrpersnl Without Matching T_Employees],2
[huge-table],6
[i for i in x],1
[i8pupu_Tech Hotline Primary Members],2
[image name],1
[impact test],5
[import training],1
[importing GTRX],1
[importing gtrx],1
[in-house$],1
[inbound loads],3
[initial DB],1
[input-eh],1
[input-json-devices],2
[insert each column name and its type here],2
[insurance detail],2
[intake-risk],4
[inv items],3
[inventory snapshot],5
[invoice-line],5
[iothub-input],1
[ip-to-country],4
[item cross reference],5
[item selection],2
[item-no],1
[jobIDStr intValue],1
[join conditions - 5 tables],1
[keyPath lowercaseString],1
[kzdlk_zt2 err],1
[lab occurrence form],2
[laptop table],1
[last air],1
[last differential backup],1
[last full backup],1
[last lead change],1
[last log backup],1
[last name],1
[last update producer],1
[last update],1
[last winner change],1
[latestoverview-union],2
[leader percent],1
[leader2 percent],1
[link-server-name],1
[linked-server],1
[list of values],1
[live$Bin Content],3
[live$item ledger entry],4
[live$purchase line],4
[lm-CUSTOMERMF],1
[lm-loanacc],2
[local table],1
[local-table],1
[localhost\WAWI],1
[locked item_id],1
[logclient ],1
[logs-table],1
[long-description],1
[lots of data columns],1
[mag-prod-descriptions1],1
[main checks],3
[main-entry],1
[manual DB],3
[manual issued sites],1
[mapped login name],1
[masked_2014-05-31-2014-05-01-customer325],1
[masked_2014-06-30-2014-06-01-customer325],6
[master rewards table],6
[match rank],1
[max num],1
[max position 2],3
[max probable],1
[maximum vote],1
[mdta_item-item_def_loc],1
[members table],1
[meraki-aggregated-powerbi],1
[mes queue detail],1
[mes serial parts],1
[meta_---2],1
[meta_---3],1
[meta_---4],1
[meta_---5],1
[meta_---6],4
[meta_---],1
[mgnl:asset],2
[mgnl:contact],3
[mgnl:news],1
[mgnl:page],1
[mgnl:pages],1
[mix:shareable],1
[mix_Case_Study-Module],1
[mj-bagasse_gc_sampledetail],14
[mj:table],1
[mnm_rotterdam_5_daily_details-20191216081027],1
[more columns],1
[mv change],5
[my initial query],1
[my list],1
[my query],1
[my:Type],1
[my:type],4
[my_project:my_dataset:user_events],1
[mychoice-data-b9BwZvd],6
[mychoice-keyworddims],3
[mychoice-pagedims],3
[mycompany$Item Unit of Measure],1
[mycompany$Unit of Measure],1
[mydata$A1:C30020],1
[name of linked server],1
[name of my linked server],1
[nested-set],3
[node location status],4
[node status],16
[not essential from where],1
[not essential tables and joins],1
[nt-art],8
[nt-sng],11
[nt:base],35
[nt:folder],3
[nt:hierarchyNode],1
[nt:resource],4
[nt:unstructured],17
[object Object],4
[obscenely long select query],1
[oh_2020_state_upper_2021-09-16_2031-06-30],1
[olms-users],5
[opcod audit information],1
[or on time log],2
[order details],22
[orders-csv-import],5
[org:permission],1
[other columns],1
[our_project:our_table],1
[out-SQL-HeatPumpTelemetry],1
[outbound routes],3
[output$A1:BA30093],1
[part-of-email-after-the-@-sign],1
[partner table],2
[party details],1
[passenger-flylist],3
[patient details],1
[payer Mapping],3
[people-basics],1
[people-stats],1
[permission path],1
[plan revenue expense],1
[plan revenue],1
[player table],3
[plcnext-nodes],1
[poll-count],1
[poll-options],1
[port DETAIL],3
[power off],1
[power on],1
[precinct percent],1
[precincts reporting],1
[pred-predi_calculo-presi],4
[premium user],3
[press 1a skid entry],12
[previous dataset result],1
[previous subquery],1
[primaryTable ],1
[priority matrix],1
[process mapping],3
[process name],3
[prod-chap_out],1
[product TO SUBBRAND MAPPING],1
[product code],1
[product description],1
[product level data update],1
[product-1],1
[project-name:dataset],1
[project:dataset],1
[project:table],1
[provider Table],1
[publications-users],3
[purchase order details],3
[purchase-ledger],1
[q-pAssociation0],3
[qry - BT PMCT CA - A - Inactive R],38
[qry BaseQuery],1
[qry EngineHoursSummaryA],4
[qry vaBaseQuery-S2],1
[qry_All Samples and Tests],1
[qty-shipped],1
[query 1],9
[query from above],1
[query table],1
[query to create same resultSet as myView],1
[quoteWK$Q4:AG206],1
[race number],1
[raw data],4
[record link],1
[redacted - this part runs fine],1
[redacted - works fine],1
[referenced table#1],2
[remote table],1
[rep:User],3
[report-replacement],2
[reports from],1
[result next],1
[rg test],1
[risk - original],4
[root@aib-bitest log],1
[root@ip-270-30-3-280 ec2-user],1
[rstest-Link],1
[ru_t_Customer Alignments],3
[runners 2000-2005],2
[sailing trip detail],1
[salad order$],1
[salary payslip],4
[sale staff member table],2
[sav acc],1
[school tours done showing year],2
[sdk$G_L Budget Entry],4
[second table],3
[second-query],1
[select with joins that produce some duplicate values],1
[self stringForModified:modified],1
[self stringForOriginal:original],1
[self stringForTypeA:typeA],1
[self stringForTypeB:typeB],1
[self updateCities],1
[sender tag],1
[server table],1
[service contract header],4
[servicing details],1
[setting table owner],1
[several joined tables],1
[sheet fed 1a skid entry],11
[sheet1$A1:E7],1
[sheet1$A1:N10],1
[sheet1$A1:T10000],1
[sheet1$A3:B3],1
[sheet1$A6:IV65536],1
[sheet1$A8:IV65536],1
[sheet1$A8:P10],1
[sheet1$E1:E122],1
[sheet1$a1:e6],1
[site-obj-Prices],3
[slot machine data],3
[slot machines],1
[social:asiResource],1
[some other where clause],1
[some query],1
[some view that uses group by],1
[some way of specifying the list inline],2
[sonar-1434705179964],1
[sort by party],1
[specific document_ids previously read],1
[sql GET VALUES],3
[sql cut],1
[sql-casecodes],1
[sql-table],1
[src table],1
[stI nputQuantFlag],1
[staff table],2
[staging1 ],1
[staging_SchedulerLog_20160923-120700],3
[start version],1
[statemement that generates numbers 1-100],1
[static table],1
[station number],1
[store-001],1
[stored proc],1
[stored procedure],1
[student subjects],5
[student types],1
[sub process],1
[sub-table-B],2
[sum Dollar Revenue],1
[sum results],1
[support call worksheet],2
[support provider],1
[sw_prep_roster_cao 21-003],1
[swprep_past_cao21-002],1
[t-Associations],3
[t-Products],3
[tabella pagamenti],1
[table 1],20
[table 28],1
[table 3],4
[table 4],2
[table C],2
[table above],1
[table general information],1
[table here],1
[table hours],10
[table just made above],1
[table login],6
[table produced by multiple joins],1
[table-A],2
[table-hours],1
[tableA or tableB],1
[tables and joins],1
[tables with joins],1
[tape$A1:BR535],1
[task name],3
[tbl Industry],1
[tbl Proctor History$],2
[tbl Proctors$],2
[tbl doc],2
[tbl funktietitels],7
[tbl goedkeuring],4
[tbl relaties],1
[tbl-EVENT DATA],1
[tbl-EVENTREPORT],1
[tbl-IIPM],1
[tbl-RPT-IIPM],1
[tbl-apartner],3
[tbl-planung],2
[tblAttendance12-  13],1
[tblAttendance12-13],3
[tblDocument-VP],3
[tblFull1 04WoodsideTransportV335],4
[tblGT$Programme Line],1
[tblHistory - RETAIN-STU-ADVISOR],10
[tblHistoryThruToday RETAIN-STU-ADVISOR],1
[tblPART-TO-AIRCRAFT],3
[tbl_Export Worksheet],1
[tbl_GBP-USD_1-Day],1
[tbl_IT Staff],3
[tbl_Imp_tabel WBS WPE],1
[tbl_Master Forecast_Dollars],1
[tbl_SBG_Daily_In\OutStats],1
[tbl_TG_Nte-Pac_pHrs],3
[tbl_email-details],7
[tble_Administrative Actions],8
[tbltransmittals-VP],4
[teacherClassroom Table],3
[team-game-statistics2018],1
[temp Budget],5
[temp avg],10
[temp call log entries],1
[temp table or solution],1
[temp table],2
[test Data_Test],1
[test JSONRepresentation],1
[test Prestations actif],1
[test$Lease Contract],4
[test-machine],1
[testers 400],5
[the Linked server],1
[the query above],1
[this Foo],1
[this table],3
[tl_List of Exceptions],3
[tmp table],1
[tmpEditErrCode220 - 2],4
[top-concept6],3
[top-design1],2
[total MB size sent from smc],1
[total MB size sent to smc],1
[total gallons],1
[total precincts],1
[total vote],1
[tourney report],14
[trans-cat],3
[transaction_cache as t],1
[txt_user_name text],1
[txt_user_psw text],1
[type details],1
[uQuery: Combo],4
[ucdetail                         ],1
[udf-Create-Range-Number],1
[udf-Range-Date],2
[udf-Str-Strip-Control],1
[unsure what to put here],1
[user-groups],3
[user-master],1
[user-ratings],1
[user-table],1
[v_DA006-RECEIPTS],4
[v_DA006-RECEIPTS_Months],3
[verploegen poc$sales line],1
[vets$ internet Orders],1
[vets$Internet Orders],2
[view definition select],1
[view name],1
[visits_log_20180115@-1516007131839-1516003548120],1
[visits_log_20180115@1516007131839-1516003548120],1
[vw_Discount Entry],2
[vw_Sales Entry],4
[wages table],1
[waste Details],1
[waste Master],1
[what should be here],1
[whatever was returned from above],1
[where I freeze],2
[where some condition],1
[where transactionID is unique],1
[win-loss],1
[winners selected],1
[wire id1],1
[wire id2],1
[wire winner],1
[word list],1
[work info],5
[work sale],2
[worked time],1
[workers per company],3
[worksheet1$A1:C10],1
[worldcheck master],4
[xxx-xxx\xx_xx],1
[xxxxxxxxxxxx $Ledger Entries],1
[xyz$Permanent Assignments],1
[year-month-day],1
[yoga-session],1
[your query],1
[z service codes new],1
