[ db2],4
[ db3],1
[ querytest],3
[001],17
[002],1
[003 accptreg],3
[009reports],9
[01 plants],1
[02manual_db],4
[04 production units],1
[040],7
[0815onlinehandel_90],20
[1 date - loss date],1
[100],6
[123mydatabase],1
[200],12
[2014-all-1],1
[2014-apples-part1],1
[2014-apples-part2],1
[2014-apples-part3],1
[2014_ebook],7
[2016],6
[2017db],1
[211],2
[22ae5d15],2
[340baudit],1
[46e881b7-c5f1-41cb-8eee-7c92a89cba41],15
[4_costs],1
[515dap],1
[555],7
[65 batch process data],2
[70 steeping general],3
[701],4
[80 germination general],5
[81 germination continue],2
[951278],6
[activity - e],1
[ad dim],1
[agr metrics],2
[aldia db],1
[archival system],1
[aspnet-e-pacjent-20200804074349],1
[atna-update-test],1
[ax-dw-qty],1
[baraam retail stg],3
[beyond-auckland],4
[blue prism],1
[boschendal manor bc],3
[ca-v2],3
[cal calendar],1
[car dealership],1
[cc-db],2
[ccwise-courts],1
[ce_cog-bi-edw],3
[changed by],1
[chant-greypar],12
[chester-prod],2
[client raw],3
[client-prod-pos],1
[cms menu],1
[cobg-biu],1
[college management system],3
[commission category current],1
[commodity-wise],2
[company management],1
[con-inst],1
[cos source],14
[counter intelligence office],1
[creative dim],1
[csc 289],1
[cutting software],1
[data checking],6
[data warehouse],1
[database 1],2
[database 2],2
[database a],3
[database b],1
[database file],1
[database name with spaces],1
[database name],5
[database-1a],4
[database-name],1
[date and time],1
[date dimension],2
[date link],1
[date reported],1
[db ],1
[db name],2
[db-1],2
[db-2],1
[db-live],1
[db-name],1
[db-sbr-20120724t193741793ss],7
[db-sbr-20130724t193906220ss],3
[db-sbr],34
[db-testing],1
[db2-linked-server],1
[dbhft 201314 trust slam model pid],8
[ddropdatabaseprom-2020-10-11-13-13],4
[delivery date],1
[denue6asxxx\windvsw1\datev\daten\pms\datenbanken\wis32datevdb],1
[destination database],1
[destination-database],1
[dev-pmoldw],1
[dev-server-name],1
[dev-test],1
[dev-testdb],1
[device-security],6
[dim anesth],2
[dim bestellung],2
[dim contractor],1
[dim customer],4
[dim date],3
[dim indicator],3
[dim product],2
[dim provider],1
[dim time],6
[dimensional model_dim - customer],14
[disposal date],1
[dli-us],1
[drp-data],6
[ds-log-test],83
[ds715-cameron-erwin],12
[dw pi],1
[dynamicweb-verploegen-test_new],1
[e-signaturedb],1
[e-svr],1
[ecpay-pc],1
[edms-lok],1
[effective date],1
[envision-development],1
[example database],10
[example-base],1
[fedscope accessions],25
[fedscope employment],22
[financial bureau reports],1
[fixedasset control],4
[gbp-usd],1
[gdi-193-dev],43
[gears-pos],3
[graceland estates bc],4
[gulf-jobs],9
[harley-davidson],1
[himc_i2b2_lz-prod],7
[hpw data],1
[hq-193-stock-dbo],2
[hq-211-stock-dbo],16
[hq-mc-srv-01],1
[i 3 sci control],1
[i 3 sci study],2
[i 3 study],2
[inode-8-24-14-orig],1
[ins data collection files],1
[ins data files],9
[investment data 1],2
[invoicer-test],1
[ipad-cc],1
[iqbs datawarehouse],3
[irs-900],1
[isg_soi ],95
[it solutions develop],1
[it-support],1
[kcs sarl],6
[keywords dim],1
[la esquina del calzado],1
[label software],1
[labor date],1
[learning-space-analytics],1
[local database],1
[local db name],1
[local db],1
[log entry],1
[loss date],1
[master data - e],3
[mec-ed],1
[medical malpractice],4
[metadata dummy],1
[midyear-byway-252503],1
[my-database],1
[nav-wh],2
[navaardb-dev],1
[ncaatreasurehunt-dev],1
[nhsp-shifts-dw],3
[normac data],1
[operations productivity tool],1
[operations stats],1
[pallex-dw],1
[pdmwe-bel-artproductsdocmanagement],1
[postmate_ shopping],1
[prd project],2
[pre-prod],2
[prod-server-name],1
[product hierarchy],1
[project node],1
[purchasing site],1
[qafull-global],2
[remote database],1
[remote db name],4
[reporting\server],2
[rotags-shopify-alpha],3
[rps-201065-000],27
[sales team],1
[sample client],1
[sampledb_for excercise],1
[sb-b],2
[sds-pos-storiveo-db],3
[sdt-db],1
[search-contacts],1
[server 01],3
[server 02],2
[server name],1
[server x],4
[server2\database2 name],2
[service contract data],11
[sit-dvh],2
[skills matrix],7
[source database],9
[source-database],1
[sql-database],5
[srl-tst],1
[srt-hr-dw],1
[srv-rvs],3
[stg_extract database],6
[stokvis live],1
[storagedb - baw],12
[storagedb - mariana],2
[super-g],31
[system1\sqlexpress],1
[t-files],1
[talk track rap],1
[target database],9
[targil 2],8
[task centre],2
[tb consumer],1
[tb product],1
[tb supplier],2
[term record creation],1
[test 2],13
[test-db],2
[test-ph],2
[tf7-testdatabase-scheduledrestore],1
[tf7-user-demo-scheduledrestore-03],1
[tg-db],6
[trial balance tree],4
[tsql-dml],6
[tvpad2-dev],1
[type hierarchy],1
[u-rate-gatwick-qsm],1
[unis 22dec],1
[user property],1
[vail-plantadgas-webservices],27
[vegetablescosd-full],7
[vxda-prod-sqldw01],1
[wa products sales],1
[website-live],1
[westmedwebdb-bk],1
[wh-ssis],8
[win-9sebdmdc9o9_hmi#b5n2_alg_202012020924],1
[work item],4
[workflow creation],1
[wymiar 02],2
[wymiar 04],2
[wymiar 05],2
[wymiar 06],2
[wymiar 07],2
[wymiar 08],2
[yahoo fantansy basketball 2020-2021],1
