[ dc ],1
[ file index],3
[ priority],1
[ returns data],1
[ tbl_bbg_out ],1
[ trading$purch_ inv_ header],6
[ transaction ],9
[##financialsconcepts7fd96d75-fcdb-44b0-9ded-6fe0bc128982],3
[##people table],1
[##temp table],1
[#cleaned rms bcm leads],1
[#count-11],3
[#count-12],3
[#count-13],3
[#count-22],3
[#count-23],3
[#count-33],3
[#pre-request],1
[$item ledger entry],5
[$job queue entry],2
[$meter reading entry],3
[$service invoice line],4
[00 - max data report esales],2
[00-aa],2
[00-aw],3
[000_skalar_daten],7
[000_vektor_daten],6
[001],2
[001_test],1
[003_tbl_atm_tables],1
[0050 fix no hit],2
[005_customers_tbl],1
[0070 home age factor],2
[00_holiday],1
[00_sheetlist-revit-union],3
[0100],2
[017_withdrawalsytd_changelater],2
[017a_policywithdrawalmatch],4
[017b_polwpart2],2
[01_data],1
[01_news_test],1
[01_umwelt],1
[01customers],1
[01parents],1
[02 jul 2015],1
[02-activepatientsquery],1
[02-query-filter],5
[02_month],2
[02_tempi],7
[02d1_nts_report_structure],4
[02kids],3
[03_manif],4
[03a_workorderlist],1
[048115_psdc],1
[04_spec],3
[06],1
[0815gmbh$item ledger entry],1
[0815gmbh$item],7
[0815gmbh$manufacturer],3
[0815gmbh$purchase price],5
[0815gmbh$shop item],4
[09pr],1
[09re],1
[0],7
[0_bur_infopool],1
[0_numofbrand],2
[0_numofcode],5
[0a - totalizador],1
[0calday],2
[0crm_prctyp],1
[0customer],1
[0fiscper],1
[1 - current raw data source],1
[1 clean reasons],3
[1 eb date tests dt],5
[1 eb date tests du],5
[1 pe],8
[1 tracking],2
[1-74],1
[1-a],1
[1-cr-liste_pixi],3
[1-icb daily activity],13
[10 jun 2015],1
[10-2015],1
[10-digit groups],3
[100 sal],1
[100],3
[100_orders_open],1
[100_prts],2
[100b_working],13
[101 am in],4
[102 am out],4
[1042sregistration],2
[1042stransactions],2
[10_departments],6
[10_year_tbill_rates],2
[10a g],1
[11 lab data detail],6
[110ag],1
[110b_ro_component_type],2
[110b_ro_material_category],2
[115 procurement],15
[1234_companya],2
[123_qualification],2
[12dsa01f],1
[13-1302 cut-lengths],4
[14052017],1
[1558],1
[15mindatarawstaging],2
[1607348182],1
[17-18],1
[173],3
[18months],38
[1995_1],2
[1995_2],5
[1: orders in the period],11
[1],3
[1_2_staffaddspart1],5
[1_2_staffaddspart2],4
[1_data_set],7
[1_dish],1
[1_g_name],1
[1_hybrids],1
[1_main - contacts],31
[1_onhand],1
[1_tbl_claim_data],3
[1_tbl_memberships],2
[1_toyota_2013_mit_pfc_2],1
[1_toyota_2013_ohne_pfc_2],1
[1_webtime_by_date],2
[1a - ndc_msisdn],4
[1a - paises],1
[1a-gerecht],1
[1a],1
[1actmasterquery],6
[1b data mff adjusted],3
[1bigpicpackpref],2
[1c],1
[1estap],3
[1hourtrace],1
[1l_tests],1
[1lagotest],4
[1monday],2
[1pdtt],1
[1phtable],3
[1repdupecheck],1
[1soldqty],1
[1st query],1
[1st],2
[1stconnector],1
[1stdeck],1
[1t],1
[1tblperson],5
[1transactions],9
[1volcar1],1
[1web],2
[1workstable],3
[1x split],1
[2 letter words],1
[2 meter net tbl],3
[2-b: avg prices by customer],4
[2-b],1
[2-internalportfolio],1
[2-matched activity],1
[2000823317],2
[2000823318],2
[2006],1
[2007],2
[2007_eu_v2],4
[2010],2
[2010_perfmon_mbx],1
[2011 nurse patient index],1
[2011_2015_employment],1
[2011_2015_employment_raw],18
[201203151243164_start],1
[201204191356197_initial],1
[201205311312361_changeset_1231],1
[20121202],5
[2012],7
[2013 yearly region inventory info],7
[2013$b4:d128],1
[2013$e4:i128],1
[2013$m4:m128],1
[2013$o4:p128],1
[2013$s4:s128],1
[2013$u4:u128],1
[2013-com-nazioni-def],5
[201310301258520_addidxtooutage],1
[201310],1
[201311111934210_addrequeststatustocontext],1
[2014 negotiated rate],1
[201406020449030_initial],1
[201406050348083_attachmentscontentfulltextindex],1
[2014],5
[2014logindata],1
[2015 e-rate projects],7
[2015 negotiated rate],1
[201504191608070_test],1
[201512141437137_filecontentbytearray],1
[2015],2
[2015_11_fund_prices],4
[2015_1],1
[2015fenrolled16],1
[2016 negotiated rate],1
[20160104],3
[201604130907499_initial],1
[201611021534507_initial],1
[2016_01_01_capmo],1
[2016_11_fund_prices],4
[2016_12_01],3
[2016_dec],1
[2016_nov],1
[2016blocks],1
[2016q4_vitals_export_headers],5
[2016q4_vitals_export_service],5
[2017 calendar update],5
[2017 opsdata],12
[2017_disenrollment_date],1
[2017_enrollment_date],1
[2017_jan],1
[2017frenchprojectdata],3
[2018-07-20],1
[2018-12ah],1
[2018],2
[2018_disenrollment_date],1
[2018_enrollment_date],1
[2018_population_table_claritas],1
[2018q3],2
[2018q4],2
[2019 learning],1
[2019_01],1
[2019_disenrollment_date],1
[2019_enrollment_date],1
[201_0000 - get_ncoms_201_details],7
[201_0002 - get_agreement_treats_mapping],2
[202009252154324_updatekeytolong],1
[202009],4
[20201124_lyticsah3year],1
[2020_disenrollment_date],1
[2020_enrollment_date],1
[2020q3_enterprise_exposure_wind],1
[2020students$],1
[2021 ccvl draft],4
[20210209 query-2],2
[20210209 query-3],2
[20210209 query],4
[2021_2022_tripdata],1
[2021_disenrollment_date],1
[2021_enrollment_date],1
[2021_history],1
[202201_tripdata],1
[202202_tripdata],1
[203],4
[21 test result],1
[210_daily_summary],2
[2290_form],1
[2290_vehicles],1
[23-sql3000],1
[23b2c459-3d30-41ca-92ae-7f581f2535d4],1
[24 hour time],1
[24 months trx raw data],2
[242_machinewts],2
[242_mo],3
[24c6b124-137c-4f06-b690-f80c0c0a1347],1
[24hourtrace],1
[29b1bde8-3ad4-4576-8b76-3cae83e10b11],1
[2],8
[2_05],5
[2_candidate evidence records],1
[2_concatrelated],4
[2_costs],1
[2_dish],1
[2_g_name],1
[2_hybrids],1
[2_import_tbl_awcdsu],2
[2_import_vzw_tbl_smtn],2
[2_onbase_newvendors],2
[2_onhand],1
[2_output_lastpoll],3
[2_tf_entries],1
[2c],1
[2estap],2
[2g_kpi],1
[2gslig],1
[2headperdayfigure],3
[2headperdaypay],1
[2nd query],1
[2nd],1
[2nddeck],1
[2repdupecheck],1
[2soldqty],1
[2t],1
[2x split],1
[2xl],1
[3 month query],2
[3-2017],2
[3-c],1
[30 on hand],3
[301 sf count of task],3
[303v850h],4
[30a g],1
[30day_chartreview],1
[32767],1
[329],3
[330],1
[33_testimport],2
[360hrsurvey],9
[360hrsurveyemployee],9
[3],4
[3_dish],1
[3c],1
[3c_and_2c_report_multiple_customers],1
[3coldata],1
[3d_benchmarks],4
[3d_slugs],4
[3dcontent],9
[3eciti],1
[3f83ed76-8cc3-4b3d-936a-f528deb6c045],1
[3orders],4
[3rd party],1
[3rd table],4
[3rd],1
[3rddeck],1
[3rdi_eventdates],5
[3rdi_eventparticipants],18
[3rdi_events],5
[3rdi_eventsignup],9
[3rdi_eventsroleprice],3
[3rdi_eventtypedetails],3
[3rdpartytable2],2
[3rdpartytable3],2
[3repdupecheck],1
[3s company a_s$item cross reference],4
[3s company a_s$item ledger entry],1
[3s company a_s$item property],1
[3s company a_s$item],10
[3s company a_s$posted invt_ put-away header],1
[3s company a_s$posted invt_ put-away line],1
[3s company a_s$sales header],1
[3s company a_s$sales invoice header],2
[3s company a_s$warehouse activity header],2
[3s disponibelt for export],3
[3s i_bestilling],3
[3s lagersaldo],3
[3s statusboard customer],2
[3shapescanorders],9
[3t],1
[3x split],1
[4 gb table],1
[4-open_order_summary],1
[40_availabledeps],2
[42000-176],1
[450533bb-43b2-499b-b2f7-094bfae949b0],1
[47515001101],1
[499],1
[4c1917a7-2bab-4dbe-bb22-812a25a8930f],2
[4f91d358-fb7b-4f3b-8930-1b4aefce6d0b],1
[4repdupecheck],1
[4th - 8th weeks],3
[4th grade math achievement levels],4
[4th grade reading achievement levels],4
[4th graders who scored below proficient reading level by geographic location],3
[4th-8th units],1
[4th],1
[4thdeck],1
[50 resultaat],1
[5000028],1
[5000029],1
[50001 cost],1
[50001 margin],1
[50001 profit],1
[50001 sales],1
[50002 cost],1
[50002 margin],1
[50002 profit],1
[50002 sales],1
[50200-200],1
[50732rekening_tm],1
[50m_rows],1
[5182],8
[559ecec2-969a-4f8c-9a95-21c613d82f3a],1
[5],1
[5_cbcif],3
[5_po_receipt_table_database],4
[5a2cc1ab-9701-42e6-accc-2f372ff837f1],1
[5birthday],3
[5fc8cc76-12eb-4924-9320-5d09bbe97c10],1
[5minstats],1
[5student],3
[5th],1
[5w],1
[6 month query],2
[600_london_number1],2
[600_london_number],2
[6],1
[6_extubation],2
[6b93119b-263b-4fed-aa89-198d26a3a3c4],1
[6hourtrace],1
[6mo],1
[6orders],1
[6th],1
[7 gl detail macl],1
[7 joined tables],1
[70_pictures],3
[70_types],3
[70_warehouse_lines],1
[735294],1
[7483e518-eb61-4b72-93f7-0f97bbfafa01],1
[760vadim],6
[7755_forsql],1
[789aa79b-b1df-4ba2-860a-7129b39d341f],1
[7and11sideddicegame],2
[7th],1
[800_00_index_sm_00_10],12
[800_10_01_altrelingue],2
[80_deps_pictures],3
[85137_phy_long_pg],2
[88tid],1
[89437389479847487],1
[8k],1
[8th],1
[9-15-2020-order],1
[9210],4
[988_details_vehiclerequest],2
[988_details_vehicletrip],2
[999_filtertable],1
[99b70fee-999b-4d44-83e9-eb8119b15930],1
[9e2e9f95-2b75-456b-bf2f-bae7bca4109f],1
[9mo],1
[:create],1
[:customerny:customerfl:],1
[:destroy ],1
[:html],1
[:id],1
[:image],1
[:index],3
[:lower:],1
[:quantity],1
[:show],1
[:taked],2
[:upper:],1
[@wedate-7],1
[_e:ccomponent:private],2
[_e:private],1
[_id : tagid ],1
[a checkbox on a form that indicates whether the user wants the condition],1
[a database],1
[a lot of tables],1
[a medico],3
[a of s],1
[a paciente],2
[a table],2
[a$a1:m100],2
[a-004],1
[a-005a],1
[a-006a],1
[a-table],1
[a-z a-z],1
[a-z],1
[a-z_],1
[a1 vs a2],3
[a1-exciseesn],1
[a12:a],1
[a1:e502],1
[a1:j10000],1
[a_company$statistic group accom],1
[abc store$transaction header],1
[abertura caixa],1
[abf: table3],2
[abfrage 10_profit],9
[abfrage 13_rank],7
[abfrage 14_selected],1
[absenteeism and slwp tcs data],1
[abuse table],15
[acc-faculty-history],1
[acc_ schedule line],1
[acceptance date],1
[access codes],3
[access db],1
[accessid integervalue],2
[account 1],1
[account 2],1
[account 3],1
[account 4],1
[account 5],1
[account ],1
[account caption],1
[account combination],1
[account data table less dta chd],1
[account data$],1
[account de],1
[account manager],1
[account mtu meter xref],2
[account name],3
[account no],1
[account number],1
[account transactions],6
[account tree id],1
[account type lookup],3
[account type],1
[accounting period],1
[accounting year],2
[acct details],1
[acknowledgement lines],6
[acquisition commission],1
[act comp],1
[action effective date],1
[actions completed - back up],3
[active catalog],3
[active client list],5
[active dim customer],4
[active dim product],5
[active directory],5
[active plant parts made from dept produced components usage],6
[active routings - primary],2
[active site locations],1
[activity id],1
[actual debt],4
[actual expectedactiondt],1
[actual use],4
[actual_list lsc query],1
[actual_list query],1
[ad active directory],1
[addl unit base],1
[addl unit rate],1
[address 1],2
[address 2],2
[address 3],1
[adfcopygeneratedexternaltable_307e2c7f-a56f-4b75-86fb-10ab0cb94548],1
[adjustment transaction],2
[ado net destination],8
[adv price query export],14
[adventure works dw],1
[adventure works internet sales model],1
[adventure works],38
[agent a],1
[agent b],1
[agent fees],3
[agent id],1
[aggregated 250 day closing prices],1
[agreed at],1
[agreed with],1
[airport information],3
[airport-codes_csv],1
[aisc14-hss-round],1
[aka$item stock changes log],1
[alarmi_on-off],2
[albi-anagrafe-associati],4
[album id],1
[album-artists],1
[all bookings query],1
[all borrowers 20180222],1
[all breaks query],3
[all breaks],2
[all category types],2
[all contracts],1
[all countries],2
[all data scope],1
[all documents],1
[all folks ever active],1
[all folks ever finished],6
[all lse students],1
[all manual invoice notification to ar],1
[all march june data],1
[all participants summary],4
[all portfolios - total values],1
[all productions],6
[all regions],4
[all rep assignments],2
[all sales data],2
[all stock purchased],1
[all students random],1
[all tables from all databases - query above],1
[all tables],3
[all the same as above],1
[all trades query],2
[all trades],2
[all uploaded parts uk in 2012],3
[all vendor rebates],2
[all verticals$],1
[all_invoices_18-19],5
[allemail name],4
[allocation pending],1
[amg azimuth],1
[amount accepted],1
[amount donated],1
[amr-aws-xyz],1
[ams neve live$routing line],1
[an array],1
[anagrafica spedizioni],1
[analysis group],1
[analysis services test],1
[anc parts],9
[annual questionnaire],1
[anti-mullerian amh_svu],2
[aor-aosql01],1
[ap details],4
[api count],3
[app disposition],6
[app updates],6
[appeal category],1
[applicant query],3
[application data],9
[appointment data],1
[appointment slots],2
[appraisal period],3
[appropriate query],1
[approval drawings required],1
[apps swiss ice hockey],1
[apr  1 2013 12:00am],1
[apr  1 2014 12:00am],1
[apr  1 2015 12:00am],1
[apr-14],1
[apr-2015],1
[aqua-anvil_total],2
[aqua-reslin_total],2
[aqualuer_20-20_total],2
[ar customer],3
[ar order detail],6
[ar order],2
[ar sales],2
[archive orders],1
[archive-announcements-test],1
[archived data import],2
[archivio globale],1
[area 2],1
[arental2-scope],1
[array of objects],1
[arraytables objectatindex:i],1
[arraytables2 objectatindex:i],1
[articelnumber 1],1
[articelnumber 2],1
[articelnumber 3],1
[articelnumber 4],1
[articles ],1
[artist id],1
[artists name],1
[asm-00065 wip],2
[assay info],3
[assembly data],8
[assessment tool],5
[asset test records],2
[asset tests],5
[asset-user],6
[assets all],1
[assignable assessors],1
[assigned to],1
[assigned user],1
[assignment table],3
[assupol leads - extended spot summary fla32813],2
[at least 1 year but less than 3 years],1
[at least 3 years but less than 5 years],1
[at risk employee list],3
[atelier cuisine],1
[attendance reason],2
[attendance schedule],17
[attribute 1],1
[attribute 2],1
[au sales inv line],1
[audit comp],1
[audit pick],1
[audit register],3
[audit result entry detail],2
[audit status],1
[audit_integrity_metric_data_file_na original_0],2
[auftrag positionen],4
[aug  1 2013 12:00am],1
[aug  1 2014 12:00am],1
[aug  1 2015 12:00am],1
[aug-14],1
[aug-2015],1
[august 2015],1
[auto assignment county],1
[auto kada sia$item ledger entry],1
[autowin both],1
[autowin precinct],1
[available fruits],2
[available hours],2
[available workfront_tmp],1
[avemco aviation],1
[average 250 day price],1
[average by category type],4
[average fare],1
[average item qty],1
[average items on order],1
[average number of item],1
[aw cube],4
[away goals],1
[away team],1
[b$a1:m100],1
[b-k data],35
[b-results],1
[b-table],1
[back orders],5
[backup-masterlist],2
[bad fruit year],4
[bad fruit],2
[balance due by customers subquery2],5
[bank reference],1
[banking cheques],11
[barriers uhn screen - 2017 mailing],1
[base$a3:t100000],1
[base:nodetype1],1
[base:nodetype2],1
[basic milestones],3
[basic time],2
[batch number],3
[bba-reman],1
[bcbs drg carve out 07012016],3
[bd new product data],3
[be8149e2-0806-4d59-8482-58223c2f1735],1
[bear revenue],7
[belgium beer],3
[benefit refused cancellation report],16
[bf-prefix],3
[bicc dm],1
[bid header],2
[bid summary$],1
[big$order header],3
[big$order line],5
[bike racks],1
[bill to name],1
[billable time],2
[billing detail],7
[billing header],1
[bin number],1
[biomarkers of response taxotere],1
[bird point counts bound query],4
[birth date],1
[birth day],1
[biz step description],1
[bk list],3
[bk-analogic-pn-cdb2006-import],6
[bl_custom po history summary],1
[bl_custom year count],1
[bla bla],1
[blah blah blah],1
[blk by],1
[blood bank name],1
[bo data],3
[bom cost],1
[bonus calculation],2
[book calc],22
[book fairs sales],1
[book purchase physicians - 2019],2
[book purchase physicians - 2020],2
[book purchase physicians - 2021],2
[book totality],1
[book value],1
[booked order items],5
[booked orders],2
[bookings-21_dm],1
[booms dbs],21
[booms delay entry],5
[booms reference master],6
[bottleidpassfinal objectatindex:a],1
[bottles and cages],1
[bottom brackets],1
[bp_basicpolicy ],1
[bpril data entry],6
[branch de],1
[branch hierarchy],1
[brand id],1
[brandmaster ],4
[breaches and errors log],4
[broker list],2
[bsk changes in selected period],3
[bu number],1
[buch-autor],3
[buch-verlag],3
[budget a],1
[budget b],1
[budget by activity by commodity],12
[budget status],4
[build definition name],1
[build schedule$],1
[build start time],1
[build status],1
[building per $100 of limit of ins],1
[bunch of stuff],1
[bus log],3
[business line],1
[business partners],2
[business personal prop per $100 of limit of ins],1
[business relationships],3
[business service type list],2
[business unit],1
[buyers shops],3
[bv_284700$y40:y300],1
[byte of 108],1
[byte of 120],1
[c year],1
[c# barcode],3
[c1 barcode],3
[c500 cp_simulation],1
[c7657ae1-9354-e911-bb4a-005056b00b08],1
[c90f4efe-d848-4bab-96bf-8dc6bf4f6e62],1
[c96a83ff-3cdb-4a03-b118-df3eff591c27],1
[c_edited key comments],2
[c_edited minutes],2
[ca-ssi dispatch],7
[cabinet query],3
[cache\$service header],9
[cache\$service item line],11
[cad-cv-cabinets],1
[cad-cv-materiais],1
[cad-cv-parts],4
[caixa local],1
[cal date key],2
[calc expectedactiondt],1
[calc integratedreleaseplandt],1
[calculated total],6
[calculation for b],1
[calendar quarter],1
[calendar year],8
[cali invoitem],2
[calibration data],1
[caliper master],1
[call data],1
[calls volume],3
[cam database],2
[cam issues],6
[campaign responses],4
[campbells sellout cube],1
[cams tnep final],3
[candidate details],1
[candidate evidence records],1
[candidate number],1
[canine distemper],1
[capability data with shift],1
[capcode 1 repeat subquery],2
[capital iq id],1
[capture table],9
[car calls],1
[car for sale],1
[car info],2
[car table],52
[career history extra detail],1
[career history],2
[cargo detail],5
[cargo event detail],5
[cargo sub type],3
[cargo type],3
[carlsberg india pvt ltd_$dimension set entry],3
[carlsberg india pvt ltd_$dimension value],3
[carlsberg india pvt ltd_$g_l entry],9
[carlsberg india pvt ltd_$g_l register],2
[carrier file report],2
[carrier name crosswalk],3
[case database],9
[case level suggested],1
[case managers],2
[case study id],1
[case type 1],1
[case type 2],1
[case type],1
[case-agent],4
[cash-entries],2
[cat id],1
[cat name],1
[cat total by case],4
[catalogue info],2
[category 1],1
[category ],1
[category name],1
[category performance data$],1
[category-name],1
[cau reports],1
[ccctrn01sql\ccctrn01],1
[cce cohort],13
[ccri 2013],6
[ccs$c1:b20],1
[ccs$c1:c20],1
[cdd date],1
[cdr-2013-10-20],1
[cdr-in],2
[cear326 master data fo access1],7
[central shipto query],1
[cet sports],17
[cg category],7
[champ stats],1
[change vote],1
[channel account id],1
[channel type],1
[chapter name],1
[characteristic date],1
[chat name],1
[chat-main],1
[check table],1
[check-in],1
[checkpoint movement],1
[chem cas inv],1
[chosen table],1
[churn custom v4],1
[cic tt payment],2
[cinema halls],1
[circle k new],1
[circulating mirnas icorg 10-11],2
[circulation info],2
[circulation kind],1
[citizenship id],1
[city ],1
[city postcodes],2
[claim number],1
[claims edited],1
[class of plant],1
[class type],2
[classes : full-time],5
[classi$a:b],1
[clean report],1
[clean student table],1
[clicks returns],2
[client accounting],5
[client address],1
[client basics],5
[client codes for     dealing],1
[client codes for dealing],2
[client details],3
[client name],1
[client no],1
[client number],1
[client table],8
[client tbl],1
[client_ip ],1
[clientsbycounty-asian],4
[clinical information],2
[closing notes],1
[closing stock],2
[closure ],1
[clr details],1
[clr-func],1
[club 1],2
[club 42],2
[club id],2
[cmo deviations tracker],2
[cms dump table current],12
[cmw$sales cr_memo line],2
[cmw$sales invoice line],1
[cnam from post],2
[cndatabase scada_pl_oxidation_study_14102020],1
[co-place],2
[co-users],3
[coat inventory],3
[code warehouse desc],1
[coding pending],1
[cof reference],7
[col a],2
[col b],1
[coll2012-13],1
[collaborative biomarker study],2
[collatetest-latin1_general_bin2],3
[collatetest-sql_latin1_general_cp1_ci_as],4
[color insulator],1
[column 1],2
[column 2],1
[column name],1
[combination of tables goes here],1
[combined data lakstraat],1
[combined excel],3
[combined net cost],1
[combined net profit],1
[combined net revenue],1
[combined profit margin],1
[combined roi],1
[combined source data],1
[combo 4],1
[command type],1
[commercial general liability],1
[committed capital],1
[comp id],2
[company 2$employee],2
[company 3$employee],2
[company 4$employee],2
[company addresses],2
[company country code],1
[company list],2
[company name$dimension set entry],4
[company name$g_l account],3
[company name$g_l entry$vsift$1],1
[company name$g_l entry],17
[company name$vendor],1
[company name$vsift$1],1
[company name],1
[company office],2
[company$archived sales entry],4
[company$cust_ ledger entry],3
[company$detailed cust_ ledg_ entry],5
[company$indent header],4
[company$indent line],8
[company$inventory comment line],2
[company$item ledger entry],11
[company$purchase header],3
[company$purchase line],6
[company$purchase price],4
[company$sales analysis],3
[company$trans_ payment entry],3
[company$trans_ sales entry],18
[company$transaction header],6
[company$transfer header],4
[company$volume summary],1
[company1$sales line],1
[company1$transaction header],1
[company2$sales line],1
[company\$sales header],3
[company\$sales line],3
[companyb$employee hours],1
[companyname$detailed cust_ ledg_ entry],1
[compdata query],2
[compdatacenters all in],1
[complete data],1
[complex select statement],5
[component goods],13
[component manufacturer parts],2
[computer status],1
[comuni 03_03_2014],3
[con_id futcanc bamb],1
[concatinated tasks],1
[concrete design table 1],1
[configuration$b1:s2],1
[confirmation notes],1
[congregation speaker talks],3
[connection reads],1
[connection string],1
[connection writes],1
[consolidated sales],2
[consumer complaints],1
[consumer global parent],1
[consumption no],1
[contact center],1
[contact details],3
[contact email],3
[contact info],1
[contact information],4
[contact name],1
[contact no],1
[contact person],2
[contact telephone],4
[contactos portal],1
[contacts 2012],1
[contacts ],1
[container ground rent charge],1
[container movement and increase charges],1
[container status],1
[container tracking charges],1
[contents of the view itself],1
[contoso$sales line],1
[contract budget],2
[contract items],5
[contract name],1
[contractor code],1
[contractors pollution liability],1
[contractuele uren],1
[copy from],1
[copy of    labresultsanalysiswithpass query],1
[copy of count lab samples query],1
[copy of firebird m0 damage],1
[copy of labresultsanalysiswithpass query],7
[copy of mfrm_sales_data],4
[copy of remove],1
[copy of surveydata],1
[copy of table1],1
[copy of tbltypeofasset],1
[corporate lookup],2
[corrupted table],1
[cos target],1
[cost all],4
[cost bracket],1
[cost center1],1
[cost center],2
[cost centre dim],1
[cost centre hierarchy],1
[cost centre],3
[cost code],1
[cost of sales],1
[cost planning$],1
[coster supplier details],21
[coster suppliers],3
[costkind fuel],1
[count by sku v1],2
[count order number],1
[counter 1],1
[counter 2],1
[counter issue details],2
[counter master],2
[counter return details],4
[counter stock details],1
[counter waste details],4
[counter waste master],3
[country id],1
[country name],1
[country of birth],1
[country of citizenship1],1
[country of citizenship2],1
[country region code],1
[country_code ],1
[course enrollment],4
[course enrolment],6
[course participation],4
[courseid-moduleid],15
[courses t],1
[courses taken t],3
[covenant basis],1
[covenant status],1
[coverage id],3
[covered zips count],3
[cp data],8
[cp-vip-preview],3
[cpo by westrac by customers],2
[cq:component],3
[cq:page],4
[cq:pagecontent],7
[cq:replicationstatus],2
[cqb-2 final],4
[credit card],1
[crest$g_l - item ledger relation],3
[crest$g_l entry],4
[crest$item ledger entry],1
[crest$value entry],5
[crocus live$purch_ orders for e-mailing],4
[crocus live$purchase header],14
[crocus live$sales header],17
[crocus live$vendor],12
[cronus sverige ab$currency exchange rate],1
[cronus sverige ab$employee portal setup],1
[cronus sverige ab$employee],3
[cross-sellrate],1
[crown facility],1
[crude data],2
[crystals and oscillators],1
[csv_07-14-2014_22-29],1
[csv_07-14-2014_22-30],1
[csv_07-15-2014_10-00],1
[ctn number],1
[ctt preferences],2
[cube 1],1
[cube accounting bu budget variance],1
[cube name],2
[currency type],2
[current _status],1
[current appointments as at evaluation date],1
[current basic work],4
[current cost],2
[current employee census],5
[current employee],2
[current hris report],4
[current med bdr],8
[current open orders today],25
[current ratio],1
[current service state],2
[current shift],1
[current status query],2
[current supervisor],1
[current value],2
[current week project],3
[current year],24
[cust date table],5
[cust group desc],1
[cust id],2
[cust sub group desc],1
[cust_ ledger entry],7
[custom work],1
[customer account],1
[customer brand purchases],4
[customer contact],7
[customer data],6
[customer detail],3
[customer details],2
[customer geography],1
[customer group],1
[customer id],2
[customer invoice],4
[customer mapping table],3
[customer master list changes temp],3
[customer master list],3
[customer name],2
[customer no],1
[customer records],23
[customer report],3
[customer salesmen],3
[customer status],1
[customer sub grp code numeric],1
[customer system 1],2
[customer table],2
[customer- quotation],4
[customers - main],1
[customers-personal],2
[cutter list],1
[cy 12mths],5
[cy hierarchy],1
[cz00904001$a1:b4],1
[czphaddwh01\dev],1
[d ],1
[d products],4
[d-s],1
[d365 strd costs],7
[d442b7ca-5825-49d9-9977-d88770304b57],1
[d6a011c8-c39c-45b5-9127-52d20c68e1c3],1
[dacss dsas],7
[daily activity attendance],1
[daily beyond],1
[daily feedback],1
[daily progress],1
[daily table],3
[dam:asset],4
[dan - csf quotes],2
[dappath lowercasestring],1
[dashboard$a2:a100],1
[dashboard$a:jv],1
[data - assets],1
[data 1$],3
[data 9 17 monthly],4
[data agen$],1
[data availability],1
[data creazione pratica],1
[data export],1
[data from system$],1
[data group],3
[data import],13
[data output table],9
[data sekolah],2
[data set],1
[data sheet$b2:b100],1
[data sheet$b2:b10],1
[data source],1
[data table 1],1
[data table 2],1
[data table],2
[data warehouse],1
[data zameldowania],1
[data$a1:a20000],1
[data$a1:c3],1
[data$e1:g3],1
[data$e27:p27],1
[data$e28:p28],1
[data-people$],1
[data_import ],1
[database here],1
[database table],1
[database$a1:c2500],4
[database$sales header],3
[database$sales line],4
[databasemanager getsharedinstance],1
[databasepath utf8string],1
[dataset key],1
[datasheet$a1:d5325],1
[date - calendar month],1
[date 250 days ago],1
[date calculations],3
[date created],1
[date e$],2
[date form],1
[date id],1
[date of birth],1
[date range function],1
[date time snapshot],1
[date year],1
[date ywd],1
[date-table],3
[day 1 sp status],1
[day 1 status],1
[day number],1
[day of week],1
[db name],1
[db table],1
[db-01],1
[db-name],1
[db-table],1
[dbcontroller getdbpath],1
[dbo name],1
[dbo_a table - sql invoice level],5
[dbo_master shared compliance review],1
[dbo_ncr user input],2
[dbo_order details],5
[dbo_rx reporting],6
[dbo_visual table],1
[dd pa],1
[dd14c4c2-fc9e-4a2e-9b96-c6a20a169b2e],1
[deal data ecm],4
[debit amount],1
[debt maturity 1 year],1
[debt maturity 2 years],1
[debt maturity 3 years],1
[debt maturity 4 years],1
[debt maturity 5 years],1
[debt maturity after 5 years],1
[debt ownership percentage],1
[debt recoursed to fund],1
[dec  1 2013 12:00am],1
[dec  1 2014 12:00am],1
[dec  1 2015 12:00am],1
[dec 2013],1
[dec 2014],1
[dec-14],1
[dec-2015],1
[deceased register],1
[december 2014],3
[def look-up],1
[default cg],1
[default dimension],7
[default linked server for integration services],1
[default on payments],1
[default time zone],1
[default-table],1
[defect category],1
[defect cause],1
[defect detail information list],9
[defect id],1
[defect table],5
[deleted items],2
[deleted parts],3
[deleted select table],3
[delist date],1
[delivery data base],1
[dell-pc],1
[denial query],3
[department component usage and assembly type],1
[departure city],1
[departure time],1
[derived table containing the search query],1
[design application],1
[design code],1
[design hours table],7
[design id],2
[desired job titles],1
[desktop-order-data],1
[dest table],1
[destination city],1
[destination table],5
[destination-table],1
[destuffing charges],1
[detail record count],1
[detailed cust_ ledg_ entry],7
[detailed product name],1
[details ],1
[detc-or-ar],1
[dev-analytics],1
[developement and design commissions],3
[developement scenario formation],7
[development type],1
[diagnosis codes],6
[diam-c],1
[diam-e],1
[diam-n],1
[diam-s],1
[diam-w],1
[diary sheets],1
[digitek product catalog],7
[dim agent key],1
[dim country],2
[dim customer product source],3
[dim customer product status],4
[dim expiry date],6
[dim product],1
[dim renewed by incident],4
[dim table],3
[dim1 key],1
[dim2 key],1
[dim4de53e67-85c8-4274-b5ed-5f3526314dea],1
[dimension 10],1
[dimension 11],1
[dimension 12],1
[dimension 13],1
[dimension 14],1
[dimension 15],1
[dimension 16],1
[dimension 17],1
[dimension 1],1
[dimension 2],1
[dimension 3],1
[dimension 4],1
[dimension 5],1
[dimension 6],1
[dimension 7],1
[dimension 8],1
[dimension 9],1
[dimension code],1
[dimension value code],2
[direct ceded written premium],1
[direct debit],3
[direct shipment$],1
[directional tread],1
[disk db],1
[distinct account_table],1
[distribution area],2
[distributor contact],1
[dnp3_cdnp3analogin query],2
[do not call solicit],1
[do not call],1
[do not contact],1
[do not email],1
[doc a],1
[doc b],1
[doc c],1
[doc d],1
[doc e],1
[dock detail],3
[doctrine\dbal\driver\pdoexception],2
[document catgeory],2
[document dataset],1
[document export edit],2
[document status],1
[document tracker],1
[document type],2
[documentation charges],1
[documentdb-events],1
[domain master],1
[domestic sch],6
[donation id],1
[donation record],4
[donor id],1
[dos file],3
[dove electro-chemo],2
[downtime reasons],3
[dr_morepen limited$item],1
[drawing id],2
[dreams$internet orders],1
[drive errors],3
[drive height],1
[drive list],3
[driver dimension],1
[driver table],3
[driver truck link query],2
[drop table graph_discovery],1
[drs list],3
[drugs int],3
[ds-backup],5
[dsv airline management system dw],1
[dsv all],1
[dt hu not recieved],3
[dt num of accts by parent],3
[dt num of hu rec by parent],3
[dtv tow],1
[dual year carrier report],2
[dummy column1],1
[dummy column2],1
[dummy column3],1
[dummy column4],1
[dummy-dashboard],1
[duplicate stores],1
[duplicates-removed],10
[dvd copy],2
[dvt-fusion],1
[dwh northwind],1
[dwh olap],2
[dwxp050 gl class],7
[dynamodbattributevalueupdate alloc],1
[dynpscspersongoals_20-21],2
[e-009],1
[e-mail],1
[e-mailcampagne],1
[e-packing list],7
[e-request],2
[e18375$detailed vendor ledg_ entry],8
[e18375$vendor ledger entry],2
[e770ce7c-e0e6-40c6-ac51-5d2129f2deb7],1
[e9-2d6],1
[easyplant dump quierry],1
[ec ptl ageddebtors],1
[ec6a4ed3-1475-4b0a-8e08-b2f4e095622f],1
[ecf item log local],1
[ecog 2809 icorg 11-04],2
[edp code],1
[education history],1
[efa funding base query],2
[effective date],1
[effective strike name],1
[eh10414 summer events],1
[el fine],2
[elapsed ms],1
[electoral-mechanicals p ltd$customer],1
[element forces - frames],1
[element:protected],1
[elements:protected],1
[em claims edited],1
[em consultation count temp],1
[em-communication],4
[email address],3
[email fact],1
[email journey - 2021-03-22],1
[emails table],3
[emergency master],1
[emp ],2
[emp id],3
[emp list],5
[emp-ojt],10
[employee availability],1
[employee code],1
[employee database],2
[employee department],2
[employee id],2
[employee info],4
[employee list],5
[employee name],4
[employee pay rate],7
[employee records],1
[employee table],2
[employee type],2
[employer contact],12
[employment history],2
[employment role],5
[empty movement charges],1
[en final],11
[encrypt type],1
[end date  ],1
[end date],3
[end time],1
[engine size],3
[english keywords],1
[enrolled students],1
[enter image description here],1
[enterprise 20130703],6
[entertainment tax],1
[entity client],1
[entity name],1
[entity type code],1
[entry registry],1
[environmental data],1
[equipment list],2
[equipment maintenance],3
[errno 14],2
[errno 256],1
[error log],1
[error userinfo],2
[error: sqlite_constraint: foreign key constraint failed],1
[ert itron],2
[escort crane usage charges],1
[eso$manufacturer item],1
[est comp],1
[est fixed date],1
[est ready for retest],1
[estimated net cost],1
[estimated net profit],1
[estimated net revenue],1
[estimated profit margin],1
[estimated roi],1
[etl redacted],7
[eu supply],4
[evaluation history],2
[event description],1
[event logging],1
[event subtype description],1
[event table],1
[event type],1
[event-hub],1
[eventhub-uanalytics],3
[eventhubs-events],4
[events-input],1
[evt_building permits],2
[exact same query as above],1
[exam results],3
[exam type],2
[exc2 - orders],5
[exc2 - product],3
[excel monthly detail],1
[excel spreadsheet],1
[exchange census],2
[exec proc1 empid],1
[execute : 236],1
[execution report$],1
[execution timing4],1
[exercise details],1
[exhibit recording],6
[exhibita-input],1
[exit plan],3
[expense difference],1
[expiration date],1
[export file2],3
[extable1 ],1
[extension approaved date],1
[extension no],1
[external - forecast],1
[extra fields - fee protection insurance concatenate],1
[eyh export],4
[f types],2
[f-sdays],1
[f1a0d9d6-702e-4492-9ebc-63ad22e60e6a],1
[f6f87bf0-33ab-4882-8674-2cb31e5e49c4],1
[facilities management schedule],1
[fact product],9
[fact table],8
[fact_psa$ax:bx],1
[factors - sw sales],1
[faculty : full-time],3
[fake tonnage info],2
[family members],8
[fast track quality research v1],1
[favorite color],1
[fax number],1
[fbb terminals],1
[fc one$a14:ag140],1
[fcen1-20],1
[fcl test],1
[fcm-dw:acquisition_ciq],1
[fd cust missing- temp],1
[fd worksheets temp],5
[features 1],1
[features 2],1
[features 3],1
[features 4],1
[features 5],1
[features 6],1
[feb  1 2013 12:00am],1
[feb  1 2014 12:00am],1
[feb  1 2015 12:00am],1
[feb  1 2016 12:00am],1
[feb bus all],3
[feb-14],1
[feb-2015],1
[feb-2016],1
[february 2014 hc],1
[february 2014],1
[february 2015],2
[february 2020],1
[febu17_owh07579_calls - test],2
[federal approved],1
[federal disbursed],1
[federalstockcards-detail],1
[feuil 1$],1
[feuil1$a1:i330],1
[feuil1$a:r],1
[fg - end product codes],4
[fg - style size comp def details],1
[fg category],1
[fg orders by date],15
[fg to cg mapping],11
[fh-bigquery:reddit_comments],2
[field 1 from master table],1
[field 2 from master table],1
[field 3 from master table],1
[field 4 from master table],1
[field 5 from master table],1
[field 6 from master table],1
[fields ],1
[fields values table],1
[fieldvalue ],1
[file $],1
[file description],1
[file name],2
[file path],1
[file transfers],4
[fileid-blocklot],2
[fileid-street],4
[filename$c2:c100],2
[files-favorites],1
[fill-in-the-blank],1
[film id],2
[film retns],3
[filtered charge level],3
[filtering self join],1
[fin_meetingdisplay-defaultconfig],1
[final payment bill],3
[final status],1
[financial bureau reports],4
[financial calendar],1
[financial id],1
[financial institutions],2
[find duplicates for tbdedom],1
[finished goods],7
[firebird m0 damage],1
[firm addresses],2
[firm contacts],3
[firm size],2
[firms last updated],2
[first category level],2
[first dsv],1
[first email campaign],1
[first mail campaign],1
[first name],5
[first query result],3
[first subquery],1
[first table],3
[fiscal  year],1
[fiscal calendar],2
[fiscal quarter],2
[fiscal semester of year],1
[fiscal week],1
[fiscal year end date],1
[fiscal year],4
[fitness ok time],1
[fix percents],1
[fix stage],1
[fixed day-19_month-8_142040],5
[flat file],6
[fleet commit],2
[fleet_range_2-4],1
[fleet_range_5-10],1
[floor cells jobs\shears],1
[flow all hu recieved],2
[flow contract submitted],1
[flow deal executed],1
[flow deal priced],1
[flow deal quoted],1
[fluids management$cust_ ledger    entry],1
[fluids management$cust_ ledger entry],1
[fluids management$detailed cust_ ledg_ entry],1
[fmdatabase executeupdate:withargumentsinarray:],1
[fnf taxes],1
[foo bar baz],1
[food items],21
[food purchase data],70
[food table],3
[forecast region],1
[foreign key],1
[form classes],2
[form factor],1
[fotografias e manuais de equipamentos1],4
[fotografias e manuais de equipamentos2],8
[four letter c-codes],4
[free megabytes],1
[free type],1
[freedom-fighters],1
[french month name],1
[freq list],1
[fri qty],2
[from category value],1
[fuel charges],1
[full date],1
[full name of q1],1
[full name of q2],4
[full name],2
[full patient database],1
[full result],1
[function: bound ],1
[function: exec],1
[function: model],1
[function: pluralize],1
[function: replaceone],1
[function: selected],1
[function: selectedexclusively],1
[function: selectedinclusively],1
[function: update],1
[function: updatemany],1
[function: updateone],1
[fund mapping],2
[fund prices @ month end],1
[fy14 pledge_total],1
[fy16 q12 be],4
[g_l entry],4
[game review],1
[game-statistics2018],1
[game-statistics2019],1
[game-statistics2020],1
[gate permission 2],1
[gb-hierarchie],1
[gbips-i-db48d\sql2008r2],1
[gdieimportpickupresult-ci],4
[gearing ratio],1
[gen4 proejects$],1
[gendet$f3:f3],1
[general acccounts],5
[general activities],1
[general property],2
[general setting],1
[general:agileteamt],3
[general:blocknamet],3
[general:companyprogrammenamet],3
[general:deliverystreamt],3
[general:hiretypet],3
[general:locationst],3
[general:pmoorglevel3],3
[general:pmoorglevel4],3
[general:profiletypet],3
[general:programmepeoplet],5
[general:recruitmentstatust],3
[general:travelt],3
[genito urinary],2
[geo union ca],3
[geo union cc],3
[geo union pa],3
[geo union pc],3
[geodatasource-cities-free],3
[geography country],1
[geography description],1
[geography hierarchy],1
[german keywords],1
[gift card],1
[gis-db1],1
[gl coding],1
[gl-entry-header],10
[gl-entry-trailer],6
[global database],1
[gmc claims 2019],4
[gn - entitymaster],3
[goods-check],2
[goth table],2
[graduated major],1
[grand total sent from smc],1
[greatplains sales history 2012-102017],1
[green acid],1
[grid 1$],2
[grid 2$],2
[grip-server],1
[gross amount],1
[grouped cards],1
[grouped keys],8
[groups leader],1
[gs products],4
[gsca #],3
[gsk veg113387 icorg 11-05],2
[h$agency header],2
[h_project calender concat],5
[hal2011\sqlexpress],1
[half hour of day],1
[handling and  pnr movement charges],1
[handling charges ldd],1
[handling charges],1
[has father],1
[has mother],1
[hat-durak],3
[hazardous charges],1
[hd kawiarnia],1
[heading\subheading],3
[height-c],1
[height-e],1
[height-n],1
[height-s],1
[height-w],1
[hematoma epidural],1
[hematoma medular],1
[hhtoer-obs],1
[hi workprogramme],5
[hierarchie kunde],1
[hierarchy time],2
[hiragana list],4
[historical prices],1
[history card],20
[history detail],1
[hitopathology table],10
[hmi tags$],1
[hoja1$b2:b2],1
[hol dates],1
[holding key],1
[holding value adjustment],1
[holds table],1
[home depot],2
[home goals],1
[home owner],1
[home team],1
[home-meteo],1
[homework-3-cc-database],2
[hospital list],3
[hours worked],1
[house acct],1
[household data],2
[household info],5
[household members],2
[how important would you say feeling productive is to your happin],1
[hplc alpha],1
[hplc beta],1
[hplc cohumulone],1
[hplc colupulone],1
[hr report employee master],2
[hrbi query],7
[hrm metal in mill],1
[hrm screws homed],1
[hrm tracking current pass number],1
[hrpersnl without matching t_employees],2
[hrs p1],1
[hrs p2],1
[hrs p3],1
[hrs p4],1
[hrs p5],1
[hrs p6],1
[hrs$agency display line],2
[hrs$agency header],2
[hrs$correction agency header],2
[hts 10 digit code],1
[hts 2 digit code],1
[huge-table],6
[human capital],1
[humidity description],1
[hurtownia danych],2
[hz off rate],1
[hz on rate],1
[i for i in x],1
[i2-2d6],1
[i6-2d6],1
[i8pupu_tech hotline primary members],2
[ibm notes],3
[icecat-interface],1
[id         ],1
[id crosswalk],3
[id kunde],1
[id numbers],1
[id vs channel_mapping],5
[id x values],1
[idea project tracker],2
[idnodopadre-2],1
[idnodopadre-3],1
[idnodopadre-4],1
[idnodopadre-5],1
[idnodopadre-6],1
[if exists],3
[if not exists],5
[ih-loc-attr],4
[ih-location],14
[ih-place-chg],5
[image name],1
[impact test],5
[import - assets],1
[import - bom],1
[import - wo],1
[import training],1
[import2-validated],2
[importance units w innovation],1
[importance value w innovation],1
[importing gtrx],5
[imrt prostate],2
[ims_aduser-test2],1
[imsp#001$a2:ba],1
[in process analysis result],4
[in process],1
[in route to disposal],2
[in transit],1
[in-023c-i1],1
[in-023c-i2],1
[in-023c-i3],1
[in-023c-i4],1
[in-023c-i5],1
[in-023c-i6],1
[in-023c-i7],1
[in-023c-i8],1
[in-023c-i9],1
[in-house$],1
[in16-ctaval],1
[inbound loads],3
[incident details],3
[incident id],1
[increase in movement charges],1
[indicator group],1
[indicator name],1
[indicator set],1
[individual candidate course history],1
[individualtruck-pb],6
[indoor range final],4
[industry types],3
[info test],1
[ingredients qty_t],3
[initial db],1
[ink delivery detals],6
[ink delivery],5
[innodb table],1
[innovation challenge final entry form],5
[innovation challenge],7
[inpatient episodes],2
[inpatient type 3],1
[input data$],1
[input table],2
[input usd],4
[input-eh],1
[input-eventhub],1
[input-json-devices],2
[input_data ],1
[inputsheet$c7:c7],1
[inputsheet$c8:c8],1
[inputsheet$c9:c9],1
[insert each column name and its type here],2
[inspection charges],1
[inspection records],2
[instance: i-053f6b1dfef0f156b],1
[instrument loop description],4
[insurance charges],1
[insurance coverage],3
[insurance detail],5
[insurance policy coverage],4
[insurance summary - client],3
[intake status],1
[intake-risk],4
[interaction behaviors],1
[interaction interventions],1
[interactions query],1
[interface-test$],1
[interim - bonus pay election enrollment],1
[internal product name],1
[internal time],2
[internship notes],4
[inv items],3
[inv-act],1
[invadd-temp],8
[invazyme ast],1
[inventory c],1
[inventory master],2
[inventory report table],2
[inventory requests],1
[inventory snapshot],5
[inventory tracking],2
[inventory transactions],2
[investment data],1
[invoice #],1
[invoice date],1
[invoice entries],3
[invoice no],2
[invoice payment processing],2
[invoice table],9
[invoice tbl],1
[invoice-line],5
[io documents],3
[iothub-input],1
[iow registered - all workshops],1
[ip address range],3
[ip address],1
[ip-to-country],4
[is refrigirated],1
[isaac test excel to sharepoint],1
[iso week number of year],1
[iso year code],1
[isp-basic],5
[issue bucket],2
[issue mgt],3
[it solutions bvba$planning],1
[item  master],1
[item attribute value mapping_v],2
[item attribute value_v],3
[item category division history],5
[item category],2
[item cross reference],5
[item description],2
[item descriptions],1
[item detail temp],6
[item detail],2
[item ledger entry],10
[item ledger],11
[item master data],2
[item master spend],3
[item master temp],1
[item master],22
[item personalisation],2
[item referance],1
[item selection],2
[item variant],4
[item-no],1
[items picked],1
[iteration path],1
[ix_inv-act_inventoryasofeod],1
[jan  1 2013 12:00am],1
[jan  1 2014 12:00am],1
[jan  1 2015 12:00am],1
[jan  1 2016 12:00am],1
[jan 2014],1
[jan 2016 clicks returns],1
[jan bus all],3
[jan pick up$a6:p57],1
[jan-14],1
[jan-2016],1
[jan-dec_2018_co99_spenddb_wo_inv],3
[jan-june_2019_co99_spenddb_wo_inv],3
[jane doe],1
[january 2010],2
[january 2014 hc],1
[january 2014],1
[january 2015],4
[january 2020],1
[je details],4
[jet info],1
[jill_mg utah sub query],2
[job 1 ],1
[job 2 ],1
[job assignments],3
[job info],13
[job ledger entry],6
[job list],3
[job log],5
[job planning line],3
[job queue entry],1
[job role],2
[job titles],4
[job-stage-history],2
[job3 ],1
[jobidstr intvalue],1
[john does],1
[join conditions - 5 tables],1
[join may be],1
[joined tables],1
[jonesfrank$emsm printouts],1
[journal voucher],5
[jsonbms-home name],2
[jsoncarenotes-home],4
[jsonras-home],3
[jul  1 2013 12:00am],1
[jul  1 2014 12:00am],1
[jul  1 2015 12:00am],1
[jul-14],1
[jul-2015],1
[jun  1 2013 12:00am],1
[jun  1 2014 12:00am],1
[jun  1 2015 12:00am],1
[jun-14],1
[jun-2015],1
[june 2014],1
[justification code],1
[kalmar handling charges],1
[kap-pc\sql2012dxd02],1
[katakana list],1
[kd call monitoring],8
[key contacts],4
[key findings],1
[keypath lowercasestring],1
[kick off date],1
[kick off time],1
[klima$a3:h899],1
[kn - knittingdetailsheader],2
[kn - knittingorder],4
[kn - productionmachineallocation],1
[kn - productionorderdetails],5
[kn - productionorderheader],4
[kn -special instructions master],3
[known product prices for date query],6
[kod wymiaru 02],1
[kod wymiaru 04],1
[kod wymiaru 05],1
[kod wymiaru 06],1
[kod wymiaru 07],1
[kod wymiaru 08],1
[kursus _studerende],1
[kzdlk_zt2 err],1
[lab occurrence form],26
[label information],1
[labor detail],4
[labour costs],1
[laptop table],1
[lareco live$lead],1
[last air],1
[last differential backup],1
[last full backup],1
[last lead change],1
[last log backup],1
[last login],1
[last name],4
[last update producer],1
[last update],1
[last wait type],1
[last week project],3
[last week],1
[last winner change],1
[latestoverview-union],2
[law firm],1
[lddap-ada_header],1
[lead pax report],1
[lead results],4
[leader percent],1
[leader2 percent],1
[leading female],1
[leading male],1
[leads proposed by agent],6
[leads proposed],3
[leads received by agent],6
[leads received],3
[leave request],21
[ledger entries jc qry],3
[ledger entries jc],1
[ledger entry],3
[left join - table1],2
[left join - table2],2
[legacy trans],1
[less than 1 year],1
[lessors liability per $100 of limit of ins],1
[letter status],12
[life ins child unum post tax],1
[life ins spouse],1
[lift on lift off charges],1
[line number],1
[line of business],1
[link location],1
[link ranking],2
[link-server-name],1
[linked ndc msisdn txt],3
[linked server table],1
[linked server],1
[linked ssas server],1
[linked ssas],1
[linked-server],1
[linkedsrv\sqlsrv],2
[linkproject-area],2
[lis01$a3:az3000],1
[list of 7671 zim acquittals used by ey],2
[list of declared variables table],1
[list of fields],1
[list of files],3
[list of law firms],2
[list of values],1
[lista de objetos],1
[listing master],13
[live - dee set logistics$d-plan job line task],83
[live company$g_l entry],1
[live database1$user setup],1
[live$bin content],3
[live$item ledger entry],4
[live$purchase line],4
[live$rental header],5
[live$rental line],7
[live_database2$user setup],1
[live_database3$user setup],1
[livellotop-1],1
[livellotop-2],1
[livellotop-3],1
[livellotop-4],1
[livellotop-5],1
[livellotop-6],1
[liwc post stats],1
[lm-customermf],1
[lm-loanacc],2
[loa report],3
[loa-ftd_1_5_1_calculate_loa_query],1
[load items],4
[load orders],3
[load planner],3
[local table],2
[local-table],1
[localhost\wawi],1
[location data],3
[location detail report_142],5
[location left],1
[location name],2
[location summary report_14],4
[lock cachetable],1
[locked item_id],1
[log path],1
[logclient ],1
[logged on],1
[login succeeded for user],1
[logistic items],1
[logs-table],1
[long hours],2
[long-description],1
[lookup branch currency tb],1
[lookup month by jn tb],2
[lookup table],2
[lorem ipsum],1
[lots of data columns],1
[low-medium],2
[lower threshold],1
[lp ],4
[luc time series],1
[lvl1 trace data],2
[ly physician score],1
[machine attributes],1
[macro tracking],1
[macrosql$a1:d10],1
[mag-prod-descriptions1],1
[magnetic particle],15
[mailbox status],2
[main checks],3
[main data],1
[main details],1
[main sheet$ig7:iu9],1
[main-entry],1
[maint jobs$a1:i50000],1
[major id],1
[major name],1
[management accounting table],12
[manager ],1
[manager review data],1
[manual db],3
[manual issued sites],1
[manufacturer part info],1
[map index],1
[mapped link],3
[mapped login name],2
[mapping table],3
[mapping-lean-vergaben],6
[mar  1 2013 12:00am],1
[mar  1 2014 12:00am],1
[mar  1 2015 12:00am],1
[mar dec 2016],1
[mar nov 2016],1
[mar-14],1
[mar-2015],1
[march 2015],1
[march 2020],1
[marinas high$students],1
[marital status],1
[market analysis review],6
[market segment desc],1
[marketing groups],2
[masked_2014-05-31-2014-05-01-customer325],1
[masked_2014-06-30-2014-06-01-customer325],12
[master credit memo query],5
[master data repository$dn dimension],3
[master data repository$max_ operating pressure],3
[master data results 2013 - 2016],5
[master data],15
[master inventory],3
[master list],8
[master lookup],2
[master member table],8
[master output table],4
[master record],10
[master rewards table],6
[master sales invoice query],5
[master table],5
[master$bin content],4
[master-sms messageall],1
[match details],1
[match rank],1
[material and finishes],1
[matter detail],5
[max billable hours],2
[max num],1
[max position 2],3
[max probable],1
[maximum visits in any 90-day window per patient],3
[maximum vote],1
[may  1 2013 12:00am],1
[may  1 2014 12:00am],1
[may  1 2015 12:00am],1
[may 2014],1
[may-14],1
[may-2015],1
[mb free],1
[mcds-e],11
[mdta_item-item_def_loc],1
[measurements with thresholds and exceptions],3
[measuring instruments],3
[member 1],1
[member 2],1
[member balance query],2
[member id],1
[member information],2
[member list],4
[members table],1
[members-description-tbl],1
[membership tbl],2
[meraki-aggregated-powerbi],1
[mes master data],2
[mes queue detail],7
[mes serial parts],5
[meta_---2],1
[meta_---3],1
[meta_---4],1
[meta_---5],1
[meta_---6],4
[meta_---],1
[meter reading date box],2
[meter reading],1
[metric 10],1
[metric 11],1
[metric 12],1
[metric 1],1
[metric 2],1
[metric 3],1
[metric 4],1
[metric 5],1
[metric 6],1
[metric 7],1
[metric 8],1
[metric 9],1
[metric data],2
[mg etc],4
[mg-in],1
[mg-out],1
[mgnl:asset],2
[mgnl:contact],3
[mgnl:news],1
[mgnl:page],1
[mgnl:pages],1
[mh code],1
[mileage-expenses],1
[mining structure name],1
[missing items list],2
[missing products],1
[mix:shareable],1
[mix_case_study-module],1
[mj-bagasse_gc_sampledetail],14
[mj:table],1
[mnm_rotterdam_5_daily_details-20191216081027],2
[mno international ab$customer],4
[mno international ab$item cross reference],4
[mno international ab$sales header],3
[mno international ab$sales invoice header],4
[mo km max 2016],3
[mo km max 2017],3
[model elements],1
[model name],2
[model table],4
[model_name    ],1
[module id],1
[moduleid-sessionid],15
[molecular pathology],17
[molecular select tests],3
[molecular tests],3
[mon qty],2
[monarchy payments],1
[mongodb query],1
[monitoring charges],1
[month and year],1
[month bill final],6
[month name of year],1
[month name],2
[month nk],1
[month number of year],1
[month year],1
[monthly account update],1
[monthly hierarchy table],2
[monthly rate],1
[monthly ssc report$w7:aj31],1
[monthly values],4
[moodle data],2
[more columns],1
[more than 5 years],1
[most recent contact],1
[movie genres],1
[movie schedule],1
[movimento ferramentas],14
[mpscustomer forecast],1
[mr$item ledger entry],9
[mrb_model-approver],1
[mstr-sent],10
[mtd test],1
[mu_v2#7$a1:f192],1
[multi-qty orders],1
[multiple records],7
[multiple\base\models\locations],1
[music database],1
[mv change],5
[my cube],2
[my dev],1
[my initial query],1
[my list],1
[my parameter settings],1
[my query],1
[my sheet$bi6:dp6],1
[my sheet],1
[my users],1
[my:type],5
[my_project:my_dataset:user_events],1
[my_sheet$a3:m],1
[mybi dds],1
[mychoice-data-b9bwzvd],6
[mychoice-keyworddims],3
[mychoice-pagedims],3
[mycompany$item unit of measure],1
[mycompany$unit of measure],1
[mydata$a1:c30020],1
[mydb $course registration],1
[mydb $customer],1
[mydb $programme],1
[mydb $student],1
[myocet icorg 10-03],2
[mystoredb$transaction lines],1
[n 900 - 900],1
[n wind pl2],1
[n-mr data$],2
[na supply],4
[nama c boreholes],4
[name en],1
[name list1],1
[name of linked server],1
[name of my linked server],1
[name of spreadsheet],1
[name store],1
[nameofexcelsheet$a1:d20],1
[national standard codes],1
[native code: 0],1
[natural detail $],1
[nature of expense],4
[navair deficiencies],9
[navaum$a1:iu60000],1
[navaum$a2:iu60000],1
[navigation form],1
[nazwa wymiaru 02],1
[nazwa wymiaru 04],1
[nazwa wymiaru 05],1
[nazwa wymiaru 06],1
[nazwa wymiaru 07],1
[nazwa wymiaru 08],1
[nested-set],3
[net profit    ],1
[net revenue    ],1
[net revenue],2
[net sale],1
[net sales revenue],1
[net weight master data query],13
[net weight master data report],1
[net weight master data],22
[net weight tracking],5
[netone\sqlddl],1
[netone\sqlqry],1
[networkinterfaceasio-rs-0],1
[new business],6
[new data],3
[new history],1
[new items on order],1
[new name],1
[new objecttype],1
[new research members final],7
[new status],6
[new zspwar merge],121
[new zspwar prime],1
[new_etl accbalance],1
[newb-coverage: ah],3
[newid ],1
[news-news],3
[news-news_newest],1
[next of kin address],1
[next of kin],1
[next order nr],1
[next service due on],1
[ni number],1
[nis$cust_ ledger entry],4
[nis$detailed cust_ ledg_ entry],3
[node location status],4
[node status],16
[node-churn],2
[non billable time],2
[non recurring clinic step1],5
[non triggered sends last month],1
[non-delinquient],1
[non-preferred home addresses],2
[nonclusteredindex-b-a],1
[nordlux uk$item ledger entry],3
[nordlux uk$item],4
[nordlux uk$sales price],3
[norms table],3
[not applicable],1
[not essential from where],1
[not essential tables and joins],1
[not met],1
[not ms],2
[not yet set],1
[nov  1 2013 12:00am],1
[nov  1 2014 12:00am],1
[nov  1 2015 12:00am],1
[nov 2013],1
[nov 2014],1
[nov-14],1
[nov-2015],1
[november 2014],3
[november amount],1
[nr info],2
[ns mtl],1
[ns nob],1
[ns oak],1
[ns tdc],1
[nsarray arraywithobject:indexpath],1
[nsbundle mainbundle],1
[nsmutablearray alloc],2
[nsnotificationcenter defaultcenter],1
[nsnumber numberwithfloat: volume],1
[nsnumber numberwithint: 123],1
[nsnumber numberwithint:0],1
[nsnumber numberwithint:1],4
[nsnumber numberwithint:2],3
[nsnumber numberwithint:3],3
[nsnumber numberwithint:4],1
[nsnumber numberwithint:itemid],1
[nsnumber numberwithint:itemtype],1
[nsnumber numberwithint:myint],1
[nsnumber numberwithint:mynumber],1
[nsnumber numberwithint:nodeid],1
[nsnumber numberwithint:position],1
[nsnumber numberwithint:prodid],1
[nsnumber numberwithint:sumballs],1
[nsnumber numberwithint],1
[nsnumber numberwithinteger:eventid],1
[nsstring alloc],3
[nsstring stringwithcontentsoffile:filepath encoding:nsutf8stringencoding error:null],1
[nsuserdefaults standarduserdefaults],1
[nt-art],8
[nt-sng],11
[nt:base],35
[nt:folder],3
[nt:hierarchynode],1
[nt:resource],4
[nt:unstructured],17
[nulls count],1
[num orders split],1
[number of ports],1
[number of record],1
[numbers by quarter and bedsize],6
[numeric distribution],1
[nyny invoitem],2
[object    ],1
[object metadata],15
[object name],1
[object object],4
[obscenely long select query],1
[oc mpx],4
[oc-employee],1
[occupant liability per $100 of limit of ins],1
[oct  1 2013 12:00am],1
[oct  1 2014 12:00am],1
[oct  1 2015 12:00am],1
[oct 2014],1
[oct 2015 clicks returns],1
[oct-14],1
[oct-2015],1
[october amount],1
[odbc table],1
[off-site records],9
[office locations],4
[offline rn general],5
[offset direction],1
[offset distance],1
[oh_2020_state_upper_2021-09-16_2031-06-30],1
[oil rob],1
[oil stop],1
[old loc],1
[old table],1
[ole db destination],5
[olms-users],5
[oltp\sql2014],1
[on hand amount],1
[on hand summary],5
[on hand units],1
[on hand],2
[on time performace audits],2
[ons-pcmd_age],4
[oog documentation charges],1
[opcod audit information],1
[open lines$],2
[open lines],6
[open orders from yesterday],4
[opening date],1
[operating unit],2
[operation ],1
[operation view],1
[opi data],4
[optima prechamber test],1
[optin monster],1
[or on time log],2
[oracle je],2
[oracle table],1
[order data],2
[order detail],5
[order detail_t],3
[order details extended],4
[order details2],1
[order details],567
[order detailstemp1],2
[order form$],1
[order header],7
[order history],2
[order item detail audit],1
[order item detail],4
[order items],2
[order lines],3
[order metrics],7
[order parts],1
[order subtotals],4
[order summery],1
[order table],13
[order transactions table],5
[orderconfirmation-noxml],1
[ordered food item],3
[ordering upin],1
[orders detail],1
[orders done],1
[orders imported],1
[orders missing seats],1
[orders qry],1
[orders-csv-import],5
[org 3],1
[org:permission],1
[organizations not in party],3
[orgs in party table],4
[original table],5
[os version],1
[osg$end user],2
[osg$sales header],6
[osg$sales line],4
[oth_icd-10],7
[other columns],1
[other owner],1
[ots analysis services],1
[our request log],1
[our_project:our_table],1
[out-sql-heatpumptelemetry],1
[outage summary],3
[outbound routes],3
[outcome table],1
[outcome testing],3
[outlet master],1
[outlet table],3
[output 2014],9
[output table],1
[output$a1:ba30093],1
[outstanding estimated net expense],1
[outstanding estimated net revenue],1
[ov2 bas],4
[ov2 ore],4
[ov2 refid],5
[overall product],3
[overall query],6
[overall status report],10
[overhead net expense],1
[overpack percentages],4
[owner name],2
[p et fa],2
[p-ticket_links],3
[p6 files ac],1
[pa description],1
[pa report],1
[pa simplex tbl],3
[package revenue excl vat],1
[packaging and sizes],1
[packing slips],2
[page 1$],4
[paid fees],1
[pallettally table 2],68
[pam availability],2
[pant inventory],3
[parameter change],1
[parent name],1
[parking lot],1
[part b mater table],4
[part list],1
[part number],17
[part numbers],2
[part pallet info table],2
[part revenue exposed query p1],9
[part sales header],1
[part-of-email-after-the-@-sign],1
[partial record],1
[partner capital],1
[partner list],3
[partner table],2
[party details],3
[passenger-flylist],3
[pat data],4
[pathway ltr],1
[patient accomodation],2
[patient details],1
[patient id],1
[patient name],1
[patient pathway],1
[payer account],1
[payer id],1
[payer mapping],3
[payer name],1
[payer type],1
[payment amount],1
[payment date],1
[payment file - q2],1
[payment file - q4],1
[payment method],3
[payment no],1
[payment processing],3
[payment reference],1
[payment table],9
[payment tbl],1
[paypalpaymentviewcontroller alloc],1
[payroll employee],3
[payslip calc],7
[pazienti-medicinali],3
[pbm ane nom],1
[pcp name],1
[pdf file],1
[peak kva],3
[pending net expense],1
[pending net revenue],1
[pending scans],1
[people information history],2
[people who are active on another course],2
[people-basics],1
[people-stats],1
[performance ratio],1
[perfosine myslemo],2
[period     data 6b],1
[period data     6b],1
[period data 6b],4
[periods_2013-2014],5
[perm_site info],1
[permission path],2
[permissive export_old 1],10
[persistenceunit: best],1
[person client address mailing],9
[pet -ct lung 06-35],2
[pfizer archer],2
[pfuser currentuser],1
[pgl dw],1
[phase 2],2
[phone number],2
[pht\cli\model\usermodel],1
[physical inventory finished goods],2
[pick area],13
[picked today],1
[picking lines],2
[pieces picked],1
[pilot milestone],3
[ping history],2
[pioneer-co$comment line],2
[pioneer-co$purch_ rcpt_ header],2
[pioneer-co$purchase header],2
[pioneer-co$purchase line],2
[pistol-1 final],4
[pitch time],2
[place-ref],1
[plan assemblies],4
[plan handle],1
[plan lineas],2
[plan revenue expense],13
[plan revenue],9
[planned fix in deployment event],1
[planned fix in event mgmt group],1
[plant name],3
[plant support],3
[play session],1
[player id],1
[player table],3
[plcnext-nodes],1
[po data],1
[po exceptions],1
[po-lines],1
[podetail-totalpcs-totalcost],2
[poem types],3
[poject pt$pv job item],1
[policy data revised],3
[poll-count],1
[poll-options],1
[polp - detailed debtors import],1
[port detail],4
[port trip detail],3
[portal$a1:bb9999],1
[position number],1
[positiondata820901-d],1
[post code],1
[post service feedback],1
[postcode lookup],3
[potential pilot engagements],6
[potentially bad time],1
[potext-t],2
[power off],1
[power on],1
[poziom 01],1
[pp engagements],6
[practice code],1
[precinct percent],1
[precincts reporting],1
[pred-predi_calculo-presi],4
[preferred provider list file creation date],1
[premium table],10
[premium user],3
[press 1a skid entry],12
[pressure description],1
[previous dataset result],1
[previous subquery],1
[price adjustments new gross margin],2
[price component],3
[price list and job description],2
[price per item],1
[pricing over time],2
[primafast luna cl],1
[primary key],1
[primary_min_2020 ],1
[primarytable ],1
[prior month returns tbl],4
[priority 1],1
[priority 2],1
[priority 3],1
[priority 4],1
[priority 5],1
[priority charges],1
[priority matrix],1
[priotitization #2],1
[private-accommodation],2
[prix revient mpx cmr],2
[process info],2
[process mapping],3
[process name],3
[process order],2
[process table],1
[prod description],1
[prod type],1
[prod-analytics],1
[prod-chap_out],1
[producer well template],1
[product a],1
[product b],1
[product c],1
[product categories],1
[product category],2
[product code],1
[product codes],2
[product d],1
[product demand],4
[product description codes],2
[product description],1
[product design],3
[product details],14
[product family desc],1
[product group],2
[product history],1
[product id],7
[product information],1
[product knowledge],3
[product ledger entry],3
[product level data update],1
[product line l2],1
[product line],1
[product list],1
[product master],3
[product mktg name],1
[product name],3
[product orders],2
[product purchases],1
[product query],3
[product status],1
[product suppliers],2
[product table],6
[product to subbrand mapping],1
[product type],5
[product-1],1
[product-client],1
[product-id],1
[product-import],1
[product_customer invoice],4
[product_name   ],1
[productinformation-odbc],3
[production cost per job],5
[production downtime],8
[production lines],6
[production month],1
[production unit],3
[production$sales shipment header],1
[products t],1
[profile data],1
[profit margin],1
[program year],1
[proj apvl],1
[proj type],1
[project category],1
[project details],3
[project division],1
[project hours],8
[project lock                        ],1
[project name],1
[project performance],1
[project progress],2
[project reporting date],1
[project request log table],31
[project status$],1
[project-name:dataset],1
[project:dataset],1
[project:table],1
[projected sp status],1
[projected status],1
[projected timeline],3
[promo definitions],2
[promotion media],1
[promotional keys],3
[promotional rates],1
[proofpoint attachment defense],1
[protective live$item],1
[protective live$net daily orders],1
[provider code],1
[provider table],2
[provisioned net expenses],1
[pruebas$item cross reference],4
[pt-brtext],1
[ptc import],3
[pub_op-mstr],5
[public school districts$],1
[public talk categories],3
[public talk titles],5
[publications-users],3
[pull mac records by project # qry],1
[purch line],7
[purch_ inv_ line],8
[purchase line discount],5
[purchase line],10
[purchase lines],2
[purchase number],1
[purchase order detail],3
[purchase order details],3
[purchase order],18
[purchase orders],1
[purchase price],7
[purchase table],4
[purchase-ledger],1
[purchased fruit],10
[purchases headers],3
[purchases lines],3
[purchasing value],1
[pv off rate],1
[pv on rate],1
[py 12mths],5
[q-passociation0],3
[q1001 - split transactions],1
[q2-followers],2
[qg-v-sqlrpl1-pr],1
[qry - bt pmct ca - a - inactive r],38
[qry acc ass grp all skus],1
[qry acc ass grp de],1
[qry acc ass grp en],1
[qry basequery],1
[qry enginehourssummarya],4
[qry vabasequery-s2],1
[qry week totals by billto and cc],3
[qry7 time report query],1
[qry8a overhead summary],1
[qry8b work from base summary],1
[qry_all samples and tests],1
[qry_engines_2012-ytd],2
[qry_zip stop sequence],1
[qty-shipped],1
[quality issues management],3
[quality report],3
[quality sheet$],2
[quantity 6 to 12 months ago],1
[quarterly clabsi numbers by hospital],5
[query - sales],4
[query 1],9
[query 2],4
[query a],2
[query b],5
[query from above],1
[query main],14
[query of first question],1
[query table],1
[query to create same resultset as myview],1
[query002-batches historical],1
[question a],1
[question b],1
[quote worktop labels],2
[quotewk$q4:ag206],1
[qv lots],1
[r 1120$],1
[r an antibiotic administered],1
[r pneumatic compressors initiated],1
[race candidates],34
[race number],1
[rack 1],1
[rack 2],1
[rack 3],1
[rack 4],1
[rail_equipment_accident_incident_data 2],1
[random lp picker],2
[random vendors],1
[range card master mailer],6
[rate-45query],4
[rates by quarter and bedsize],4
[raw contract data],4
[raw data],13
[raw material reg info],5
[raw scores],8
[raw_item-fieldreport],1
[rbi order header],3
[rcdt database],4
[re-accounts],3
[re-arrs-hist],1
[re-ex-raise-debit-dtl],3
[re-sub-acc-brkdwn],3
[re-tenancy],14
[re-tncy-place],2
[re-tncy-trans],9
[re-weightment charges],1
[re_account-types],4
[reach reference],1
[reading national standards],1
[reading statements],1
[readingcontroller creationstring],1
[ready for disposal],2
[ready for service act],1
[ready for service est],1
[real data],1
[receipt audit],2
[receipt cash book],7
[receivables$b10:k32],4
[received projects],4
[receiving entry india],1
[record link],4
[redacted - this part runs fine],1
[redacted - works fine],1
[reden uitstroom1 2014],1
[reduced_t_rappro_n - 1],1
[reefer electric charges],1
[ref dealer],1
[ref prod],1
[ref-scalelist],8
[reference date],1
[reference line],1
[reference no - quotation],3
[referenced table#1],2
[referrals - contacts within organisations],1
[region l3],1
[regional personnel$],1
[regions - branches],4
[register data$],1
[registo de calib],3
[registration number],1
[registration status record],4
[registrazioni magazzino],3
[remote table],1
[remote-srv],1
[renewal date],1
[renfrewshire raw data],14
[rental line],1
[rental query],7
[rep completed is detail as of],15
[rep:user],3
[replacement npi],1
[report 1$],1
[report 1$a9:p9756],3
[report 2$a11:c9761],2
[report 3$a3:b6682],2
[report data],1
[report details],1
[report making],3
[report pull],2
[report query],7
[report year],2
[report$a1:a30],2
[report$a2:am50000],1
[report-new-history],1
[report-new],1
[report-replacement],2
[reporting of cases],9
[reporting org hrchy],2
[reports and information acquisition],3
[reports from],1
[reps-postcodeabbr],5
[republic approved],1
[republic disbursed],1
[republic repaid],1
[req update],3
[request boxes],3
[res list],4
[res system],1
[resolution code],1
[resolved results$],1
[resources rates],6
[responding members],3
[responsible person      ],1
[result map],3
[result next],1
[results table],1
[resume-tbl],1
[returns data],5
[reukema blocq maneschijn bv$time slot ],1
[revenue difference],1
[revenue raw data],2
[review results],10
[review status update],3
[reviewer score averages],1
[rfid issue time],1
[rfid tag scan],2
[rg test],1
[ridgeview math],1
[ridgeview reading],1
[rifle-1 final],4
[rigid industries$item ledger entry],1
[rigid industries\$item ledger entry],3
[rim diameter lookup],1
[rim diameter],1
[rim width],1
[risk - original],4
[rkm system],1
[rm-cont],1
[rm-job],19
[rm-link-jobs],2
[rm-loc-component-cycles],9
[rm-loc-component],7
[rm-priority],1
[rm-stage-history],9
[rmp administrations],4
[rms live$artwork brief],1
[road tax],1
[roi         ],1
[roll no],1
[rom acknowledgement],1
[room nights],2
[root@aib-bitest log],1
[root@ip-270-30-3-280 ec2-user],1
[roster role],2
[route tbl],14
[routes ],1
[rows formatted],1
[rpl link],1
[rplevidence options],1
[rstest-link],1
[rt md bajar],1
[ru_t_customer alignments],3
[run end],1
[run start],1
[runners 2000-2005],2
[s mtl],1
[s nob],1
[s oak],1
[s tdc],1
[s-num230krecords],4
[s1:  basic source query],6
[sa-udf-str-parse],1
[sac haddehanesi kalite kontrol],1
[sailing segment detail],2
[sailing trip detail],4
[salad order$],1
[salary deductions],2
[salary payslip],6
[sale master],1
[sale staff member table],3
[sale types],1
[sales actuals],1
[sales analysis],4
[sales and marketing],1
[sales and stock],1
[sales by sku units],16
[sales by sku value],7
[sales data],3
[sales details],11
[sales gm],1
[sales header],14
[sales invoice header],31
[sales invoice line],21
[sales journal],2
[sales ledger transactions],1
[sales line archive],1
[sales line],12
[sales org ship to party],1
[sales org sku],1
[sales price],10
[sales rep],4
[sales representative],1
[sales salesorderdetail],1
[sales shipment header],6
[sales shipment line],11
[sales structure],10
[sales summ],3
[sales table],1
[sales targets],1
[sales territory country],2
[sales today],2
[sales totals by amount],1
[sales transactions],1
[sales transactions_v],1
[sales units new brand],1
[sales units new claim],1
[sales units new flavour fragr],1
[sales units new line extension],1
[sales units new manufacturer],1
[sales units new packaging],1
[sales units new product form],1
[sales units new size],1
[sales units new style type],1
[sales units with innovation],1
[sales units],1
[sales value new brand],1
[sales value new claim],1
[sales value new flavour fragr],1
[sales value new line extension],1
[sales value new manufacturer],1
[sales value new packaging],1
[sales value new product form],1
[sales value new size],1
[sales value new style type],1
[sales value with innovation],1
[salesboard working days],22
[salesorder details],7
[salespage reps],8
[salesreg union],3
[salesterritoryfilter_check all that apply],2
[sample #],1
[sample data],2
[sample proposal list - 2021$a6:ab170],1
[sandwiches types],2
[sap data],2
[sap material number],1
[sat qty],2
[sav acc],1
[sc vermorel srl$calitatectc],4
[sc vermorel srl$customer],2
[sc vermorel srl$pregatireprod],3
[sc vermorel srl$prod_ order line],3
[sc vermorel srl$productieve],2
[sc vermorel srl$productiezilnica],9
[sc vermorel srl$production order],23
[sc vermorel srl$routing line],4
[sc vermorel srl$sales header],3
[sc vermorel srl$sales line],7
[scada db tags],3
[scene id],2
[schedule data],3
[schedule type],1
[scheduled follow up],1
[school admin aug 2012],1
[school tours done showing year],2
[school types],2
[scorta a magazzino],3
[scourge_18-54_total],2
[scroll depth threshold],1
[sdk$g_l budget entry],4
[seal charges],1
[search events 2014],11
[searchbyname - grandchildren],1
[searchbyname - holding companies],1
[searchbyname - level 1 subsidiaries],5
[searchbyname - no filter],100
[second - table$],1
[second email campaign],1
[second mail campaign],1
[second subquery],1
[second table],3
[second-query],1
[sector level],2
[select bwyearid from @tmpbudget1accountcodes as actual1],1
[select bwyearid from @tmpbudget2accountcodes as actual2],1
[select bwyearid from @tmpbudget3accountcodes as actual3],1
[select d from dog d],1
[select table],3
[select with joins that produce some duplicate values],1
[selek danmark$bin content],4
[selek danmark$g_l budget entry],10
[selek danmark$item],4
[selek danmark$warehouse entry],4
[selek$g_l budget entry],4
[self stringformodified:modified],1
[self stringfororiginal:original],1
[self stringfortypea:typea],1
[self stringfortypeb:typeb],1
[self updatecities],1
[sell all],4
[selling value],1
[semantical error],1
[sender tag],1
[sep  1 2013 12:00am],1
[sep  1 2014 12:00am],1
[sep  1 2015 12:00am],1
[sep 2014],1
[sep-14],1
[sep-2015],1
[september amount],1
[serial numbers],3
[serial-keys],1
[server table],1
[server-01],1
[server1\instance1],2
[server\instance],2
[servername\sqlexpress],1
[service aquired on],1
[service calls],10
[service category],3
[service contract header],4
[service header table],4
[service invoice header],6
[service invoice line],8
[service line table],3
[service line],1
[service now position name],3
[service number],1
[service order labor],7
[service orders],8
[service rep],4
[service requests],5
[service schedule],1
[service team table],4
[service types],3
[servicenow role],3
[servicing details],1
[sessioncontroller creationstring],1
[setting table owner],1
[settlement line],5
[setup start],1
[several joined tables],1
[sfdc workinitiated],1
[sg report mpd-4153],1
[sg report],1
[shared mailbox user],3
[shared mailbox],3
[shares getlanguage],1
[sheenal claims data],2
[sheenal policy data],2
[sheet #1$],1
[sheet #1$a1:a22],1
[sheet 1$],2
[sheet 1$a1:b10],1
[sheet fed 1a skid entry],11
[sheet name$a2:b10000],1
[sheet$a7:az13],1
[sheet0$a2:j],1
[sheet1$a10:e],1
[sheet1$a15:e999],2
[sheet1$a1:a100],2
[sheet1$a1:a1],3
[sheet1$a1:a8],1
[sheet1$a1:a9],1
[sheet1$a1:ai65000],1
[sheet1$a1:ai65437],1
[sheet1$a1:b10],2
[sheet1$a1:d14],1
[sheet1$a1:d20],1
[sheet1$a1:e6],1
[sheet1$a1:e7],1
[sheet1$a1:h330],1
[sheet1$a1:j200],1
[sheet1$a1:n10],1
[sheet1$a1:n12790],1
[sheet1$a1:nc3],1
[sheet1$a1:t10000],1
[sheet1$a1:z1],1
[sheet1$a2:c],1
[sheet1$a2:k2],1
[sheet1$a3:a3],1
[sheet1$a3:b3],1
[sheet1$a3:m],1
[sheet1$a4:c],1
[sheet1$a4:i10000],1
[sheet1$a5:ec5],1
[sheet1$a6:iv65536],1
[sheet1$a8:iv65536],1
[sheet1$a8:p10],1
[sheet1$a8:v],1
[sheet1$a:b],1
[sheet1$a:d],1
[sheet1$a:gr],1
[sheet1$b14:d65535],1
[sheet1$b1:b1],1
[sheet1$b20:n5000],1
[sheet1$b2:e10],1
[sheet1$b:b],1
[sheet1$b:d],1
[sheet1$c1:r],1
[sheet1$d16:d16],1
[sheet1$d1:d15],1
[sheet1$d2:d2],3
[sheet1$d:d],1
[sheet1$e1:e122],1
[sheet1$e1:e1],1
[sheet1$f:f],1
[sheet1$m:m],1
[sheet1$o:x],1
[sheet2$a1:a22],1
[sheet2$a3:c34],1
[sheet2$l4:p24],1
[sheetname$a1:fz1000],1
[shift offer],2
[shift production log],1
[shift report table],2
[shifting charges],1
[ship-out details],1
[shop floor production plan],6
[shop hierarchy],1
[shopko commit],1
[shopping cart],1
[short term storage],1
[show last two payslips],2
[showtex belgie nv$g_l entry],5
[showtex belgie nv$sales invoice header],3
[showtex belgie nv$warehouse entry],3
[siebelaccount extract],5
[sim vehrecord],3
[similar query of first question],1
[single qty orders],1
[site id gets     generated],1
[site id gets generated],2
[site report$a2:x10000],1
[site specific],1
[site-obj-prices],3
[six mos],3
[size list],3
[size of the commit limit reported by the operating system in kb],1
[size profiles],1
[skids $orders],1
[skill 1 ],1
[skill 2],1
[skill 3],1
[skill group],3
[skill master$],1
[skills$a:d],1
[sku order$],2
[slash series query],4
[sleepys store list],1
[slot 1],2
[slot 2],2
[slot 3],2
[slot machine configurations],1
[slot machine data],3
[slot machines],1
[sm reads master],1
[sm reads oct],1
[sm reads],1
[snapshot-cs],5
[snowman logistics limited$item ledger entry],7
[social:asiresource],1
[software details],4
[solar data],7
[some cube],1
[some data],5
[some datatbase here],1
[some other where clause],1
[some query],1
[some view that uses group by],1
[some way of specifying the list inline],2
[some worksheet$],1
[sonar-1434705179964],1
[song artist information],1
[sort by party],1
[source 1],7
[source 2],2
[source 3],1
[source alloc-a21],1
[source alloc-f21],1
[source amount],1
[source comments],1
[source contacts],1
[source income],1
[source: players],1
[sourcedata$a1:iv6],4
[sp list],1
[sp-agency],1
[sp-client],3
[sp-guard-agency],1
[sp-guard],1
[sp-job],3
[sp-schedulecall],7
[sp-shift],7
[sp-site],5
[sp-trackingcall],2
[spc data],3
[spec components],1
[specific document_ids previously read],1
[specimen id #],1
[spectrum geo limited$purch_ inv_ header],2
[spectrum geo limited\$purch_ inv_ header],1
[speicherorte be_db$],1
[spier live$value entry],26
[spinal compression],2
[spinal cord retreat],2
[spo data entry table],1
[sql cut],1
[sql dest table],1
[sql get values],3
[sql statement],1
[sql table],1
[sql test data],2
[sql used],1
[sql-casecodes],1
[sql-table],1
[sql02\dev1],1
[sqlaexport dec 2017],3
[sqlce-table],1
[sqlimeltc\imeltcprod],1
[sqlmtest-bis-bus-bps_system_agent_lookup],1
[src table],1
[srvold\sqldesa],2
[srvtest\sqldesa],2
[ss$dp - order],1
[ssi$sales price],1
[ssp re preferences],3
[ssr charges],1
[st model],1
[stack overflow new 1],5
[stack overflow new 2],4
[staff notes],1
[staff programs],5
[staff table],3
[staging discount line],3
[staging1 ],1
[staging_schedulerlog_20160923-120700],3
[stammdaten datum],5
[stammdaten statistik],2
[stamped serial number],1
[standard brk],1
[standard cost mfg],1
[standard cost qty],1
[standard data],1
[standard subbrk],1
[star model incremental],1
[start date  unloading],1
[start date],6
[start time],2
[start version],1
[statemement that generates numbers 1-100],1
[statement uploading each row to sql server using an insert into statement],1
[static table],1
[station master],4
[station number],1
[status   ],1
[status scorecard],1
[status table],2
[status_picker selectedrowincomponent:0],1
[statustracking query],3
[stc_gl-stc],3
[std table],2
[stds_scenario: test],11
[steel mill product name],1
[steeping start date],1
[step 0103 - ce: ce source],3
[step 1: sysco_city_update],2
[step 2: sysco_item_captured],2
[step 3: sysco_rest],2
[step 4: sysco_upc_captured],1
[step-by-step],2
[stg dim date],3
[stg hashing holidays],4
[sti nputquantflag],1
[stock conversion items],14
[stock conversion],12
[stock detail item],2
[stock dictionary],3
[stock inventory],3
[stock no],1
[stock on hand],1
[stock report],3
[stock udf],2
[stockkeeping unit],2
[stockkeeping units],4
[stop zip],2
[storage charge],1
[storage data],1
[storage static],1
[store details],5
[store names],1
[store price],2
[store reactive matches all cust],1
[store-001],1
[stored proc],1
[stored procedure],2
[str cr],1
[string : any],2
[string: cancelledobject],1
[string:anyobject],1
[string:cancelledobject],1
[student 123],3
[student contact],5
[student data],6
[student details],1
[student extra],1
[student id],1
[student information t],3
[student major],1
[student majorid],1
[student register],1
[student subjects],5
[student types],1
[student-career],3
[student-topic],3
[studentcontroller creationstring],1
[students info],1
[study information],4
[su sys-to date],2
[sub category name],1
[sub market segment desc],1
[sub process],6
[sub query],3
[sub table],1
[sub-est2014_all],4
[sub-table-b],2
[subrecipient information],1
[subscribed email ids$b4:c30000],1
[subscribed email ids],3
[subscription amount],2
[subscriptionlist$b4:j30000],1
[subsystem list],3
[sultanate approved],1
[sultanate disbursed],1
[sum dollar revenue],1
[sum of payments query],6
[sum results],1
[sun qty],2
[supervisor list],3
[supervisory description],1
[supplier details],3
[supplier id],1
[supplier link],3
[supplier name],2
[support call worksheet],2
[support dashboard case data],24
[support provider],7
[support staff],1
[survey questions],4
[survey results],2
[sw_prep_roster_cao 21-003],1
[switch port matrix],1
[swprep_past_cao21-002],1
[sx flag],1
[sybase table],1
[sym xls queries],1
[synergyreport 2],3
[synnex current],8
[system settings],1
[systems list],3
[t prayer requests],4
[t-associations],3
[t-products],3
[t09a: cdfi award records],8
[t3 3 faar rensket],2
[ta-arbeitszeit],1
[tabela equipamentos 2012],1
[tabela equipamentos ulsm geral],6
[tabella pagamenti],1
[tabella ponte distinte 4_0],5
[tabl a],2
[tabl b],2
[table #1],1
[table #2],3
[table - a],3
[table - item and company forecasted sales],8
[table - item and company historic sales],5
[table - sales details],1
[table - summary],1
[table - transaction],2
[table 01 $transactions],1
[table 01],1
[table 1 location],4
[table 100],1
[table 1],116
[table 28],1
[table 3],13
[table 4],2
[table :   purchase],1
[table : product],2
[table : purchase],2
[table : purchasedetails],3
[table above],1
[table c],22
[table clustering],1
[table d],2
[table document],1
[table general information],1
[table group],1
[table here],1
[table hours],10
[table import],1
[table just made above],1
[table layout],3
[table login],6
[table material label],27
[table order],4
[table produced by multiple joins],1
[table to copy to],1
[table valued parameter],3
[table with exclusion field],1
[table x],1
[table$change log entry],1
[table$leave request],12
[table-1],1
[table-2],1
[table-a],4
[table-b],2
[table-d],1
[table-hours],1
[table-sizing],2
[table1 ],1
[table: supplier],2
[tablea or tableb],1
[tables and joins],1
[tables with joins],1
[tables$a1:b5],1
[tag id],1
[tag information],1
[tagregister query - all],3
[tape$a1:br535],1
[tarceva biomarker icorg 11-21],2
[target ],1
[targets raw data],1
[tasble-b],1
[task copy],1
[task engine program landing select],1
[task name],3
[task notes],3
[task table],4
[tax-exempt],2
[tb-001_isb],1
[tb-002_isdb],1
[tb_agenda-vendedor_clientes],2
[tb_agenda-vendedor_vendedores],3
[tbl 01 rdm db],9
[tbl 02a pending inspection items],10
[tbl doc],2
[tbl funktietitels],7
[tbl goedkeuring],4
[tbl industry],1
[tbl proctor history$],2
[tbl proctors$],2
[tbl relaties],1
[tbl-apartner],3
[tbl-event data],1
[tbl-eventreport],1
[tbl-iipm],1
[tbl-planung],2
[tbl-rpt-iipm],1
[tbl_2012-13ytd_engines],1
[tbl_c_mapped spenddata_12_2014old03312015],2
[tbl_category path builder],1
[tbl_email-details],7
[tbl_export worksheet],1
[tbl_gbp-usd_1-day],1
[tbl_imp_tabel wbs wpe],1
[tbl_it staff],3
[tbl_master forecast_dollars],1
[tbl_max_non-preferred_address],1
[tbl_sbg_daily_in\outstats],1
[tbl_tg_nte-pac_phrs],3
[tblattendance12-  13],1
[tblattendance12-13],3
[tbldocument-vp],3
[tble_administrative actions],8
[tblfull1 04woodsidetransportv335],4
[tblgt$programme line],1
[tblhistory - retain-stu-advisor],10
[tblhistorythrutoday retain-stu-advisor],1
[tblpart-to-aircraft],3
[tbltransmittals-vp],4
[tbm station],4
[tdb - master - trainee attendence],3
[tds escrow projections],3
[tds loans],6
[teacherclassroom table],3
[team id],1
[team members],3
[team system],2
[team table],3
[team-game-statistics2018],1
[technical information gathering],3
[teile-lf-beziehungen],3
[telephone type],3
[temp 2],1
[temp avg],10
[temp budget],5
[temp call log entries],1
[temp data],2
[temp table or solution],1
[temp table],3
[temp test data],4
[temperature description],1
[template library],1
[temporaer-prozessplan-resultat],6
[temporary for mrc update],3
[tempsheet$a1:u182],1
[teradata database],2
[term record creation],1
[term year],2
[test 1-01],1
[test 1],3
[test 2],3
[test data_test],1
[test festive place],1
[test january 2016$item ledger entry],1
[test january 2016$item],1
[test january 2016$prod_ order line],1
[test january 2016$sales line],1
[test jsonrepresentation],1
[test my company $job queue log entry],1
[test order],1
[test prestations actif],1
[test weekly sales d],1
[test$lease contract],4
[test-answers],1
[test-inputs],3
[test-link],1
[test-machine],1
[test-sql-test-02],1
[test\\models\\login],1
[test_2019 anniversary step 2],10
[testers 400],5
[testing field final],4
[text file purge profiles],1
[text file],1
[th v thl],1
[the above union query],1
[the cravings group 2013$g_l entry],3
[the linked server],1
[the list of all buildings],1
[the list of built buildings],1
[the quantity of feeling productivity is your happinnes],1
[the query above],2
[this foo],1
[this is a table],1
[this month],1
[this table],3
[this week],1
[threshold enterprises$item],6
[threshold enterprises$warehouse entry],4
[thu qty],2
[thyroid surgeries],1
[ti-003_isbdb],1
[ticket summary],1
[ticketfeedback tool],1
[tier 1],1
[tiered table],1
[time and demand],4
[time card],3
[time day lookup],1
[time keeper detail],9
[time since 1970],1
[time table],3
[time-table],4
[timeline events],1
[timeline people births],1
[timeline people deaths],1
[timetrackinglog-sql],2
[tims90-claim_jul2013],1
[tire size],2
[tisch 1],1
[title clearing],3
[title name],1
[tl_list of exceptions],3
[tmp table],1
[tmpediterrcode220 - 2],4
[tmpsheet$a1:u4],1
[tobacco query],2
[tomcat 19032013 01],1
[tool management],1
[top nad issues by month link],3
[top nad issues by month],1
[top-concept6],3
[top-design1],2
[topic reports],1
[total - boq],6
[total 2013],1
[total 2014],1
[total 2015],1
[total amount],2
[total deposit],1
[total disk size],1
[total experience],1
[total gallons],1
[total mb size sent from smc],1
[total mb size sent to smc],1
[total number of passengers],1
[total orders],1
[total precincts],1
[total price],2
[total profit],2
[total qty],1
[total value],1
[total vote],1
[total wages group by pers no],1
[total withdrawal],2
[tourney id],2
[tourney report],14
[tr-sf-prod],1
[trade overview],4
[tradefile$a3:g5000],2
[trading calendar],1
[trading$purch_ inv_ line],4
[trading$purchase header],5
[trading$purchase line],9
[traffic report totals - query],4
[trailer code],1
[training courses],3
[training history],4
[training summary],2
[training wls],1
[trans-cat],3
[trans_ sales entry],14
[transaction comments],1
[transaction details],14
[transaction isolation],1
[transaction register],5
[transaction table],5
[transaction type],2
[transaction_cache as t],1
[transactional history-test],1
[transactional history],1
[transfer excise tbl],45
[transfer shipment line],29
[transfusion id],1
[transfusion record],4
[translation color],1
[translation table],2
[transplant organ information],1
[transport type],1
[trio data group a$],1
[trivilita uab$prod_ order line],2
[trp$lease car],1
[tru$item ledger entry],1
[tru$sales line],5
[truck table],2
[truckmodel-pb],3
[truckrental-pb],3
[trxn datetime],1
[ts 360 scripts$],1
[tso leader],3
[tsw details],10
[tsw master],7
[tt2870-la active],1
[tt: stationsubtype values],5
[tu far before vb],1
[tue qty],2
[turbopompes maintenances],1
[tv attributable],1
[txt_user_name text],1
[txt_user_psw text],1
[type details],1
[type group],1
[type of shows],1
[u_concatenar_invoice control],4
[ub-04_line_items],5
[ub-04s],21
[ubl_budget status],4
[ubl_nature of expense],4
[ubs reps dtp],9
[ucdetail                         ],1
[udf-create-range-number],1
[udf-range-date],2
[udf-str-strip-control],1
[uettdrsb39a criteria],12
[uiapplication sharedapplication],2
[uic160\sqlexpress],1
[uid only],8
[uk_telco_pressure_2018q3_2019-01-31 w2],2
[uk_telco_pressure_2018q3_2019-01-31 week1],1
[uk_telco_pressure_2018q3_2019-02-26 w6],1
[ultra_cleansed_vendors_assist-test],1
[ultraoven cpr],1
[umg sent 2016],3
[uneek clothing company ltd$cust_ ledger entry],3
[uneek clothing company ltd$item category],2
[uneek clothing company ltd$sales invoice header],3
[uneek clothing company ltd$value entry],5
[union subselect],1
[unique cc item number database],2
[unique tkrs users],2
[unit owner listing],9
[university issuing body],1
[university issuing body_1],1
[university issuing body_2],1
[university issuing body_3],1
[unlock cachetable],1
[unsure what to put here],1
[upper threshold],1
[uquery: combo],4
[us zip codes],4
[usage-08],1
[used time2],2
[used time],2
[user actions],3
[user name],1
[user query],1
[user record],4
[user sid],1
[user who creates the table],1
[user-groups],3
[user-master],1
[user-pc\sqlexpress],1
[user-ratings],1
[user-table],1
[user::object],1
[user::resultset],1
[userinfocomputed ],1
[userlevel ],1
[userprofile12_7-512-1mb],8
[usersinroles ],3
[ussic aviation],1
[utc time stamp for event],1
[v$a1:m100],1
[v_da006-receipts],4
[v_da006-receipts_months],3
[vacation audit care 2017],2
[valpo-sig],1
[value added charges],1
[value entry],3
[value id],2
[variable to risk code link],1
[variant stock location],1
[variant transaction header total],1
[variant transaction header],1
[veh reg time],1
[vehicle spot check],4
[vendor ledger],5
[vendor list],2
[vendor matter detail],4
[vendor risk score query],5
[vendor tool input],8
[venta abril 2013],1
[venta agosto 2013],1
[venta ene 2013],1
[venta feb 2013],1
[venta julio 2013],1
[venta junio 2013],1
[venta marzo 2013],1
[venta mayo 2013],1
[venta oct 2013],1
[venta sept 2013],1
[vente a],1
[vente b],1
[vente mpx],6
[verploegen poc$g_l entry],4
[verploegen poc$item],8
[verploegen poc$purch_ inv_ line],12
[verploegen poc$sales invoice header],4
[verploegen poc$sales line],3
[verploegen poc$stockkeeping unit],18
[verploegen poc$vendor ledger entry],9
[verploegen poc$vendor],21
[vets$ internet orders],1
[vets$internet orders],2
[view a],4
[view definition select],1
[view name],2
[view_lss_reporting_cost rates],1
[view_teile-lf-beziehungen],1
[view_type ],1
[visit data],3
[visit date],1
[visit id],1
[visit report],2
[visitor tours done showing year],2
[visits in following 90-day window per visit],3
[visits_log_20180115@-1516007131839-1516003548120],1
[visits_log_20180115@1516007131839-1516003548120],1
[vkeystig_ breakdown],1
[voided date],1
[vol dec 2016],1
[vol nov 2016],1
[vvs eksperten as salg$item ledger entry],10
[vvs eksperten as salg$value entry],4
[vw_discount entry],2
[vw_sales entry],4
[vwr export condofeed],2
[w-4],3
[wages table],1
[warehouse division],1
[warehouse entry],10
[waste application information],1
[waste details],1
[waste master],1
[watch history],1
[water tax],1
[waterusedatapermits - relatedpermits],1
[wb in],1
[wb out],1
[wc-stages$],1
[weapon information],10
[web property],1
[web team servers],1
[website interactions - raw2],1
[website interactions - raw],1
[wed qty],2
[week 1],2
[week 2],3
[week 3],3
[week 4],3
[week calendar],1
[week day name],1
[weekly data],3
[weekly mail delivery times byserver],1
[weekly report],1
[weeks off],1
[weighment charges],1
[weighted distribution],1
[werklast uren],1
[what should be here],1
[whatever was returned from above],1
[where condition],1
[where conditions],1
[where i freeze],2
[where some condition],1
[where transactionid is unique],1
[wica subclass mapping],3
[win-loss],1
[wings$item category],1
[wings$item ledger entry],1
[wings$item variant registration],1
[wings$item variant],1
[wings$picking _ receiving lines],1
[wings$product group],1
[wings$purchase line],1
[wings$sales price],1
[wings$store price group],1
[wings$trans_ sales entry],1
[winners selected],1
[wire id1],1
[wire id2],1
[wire winner],1
[with spaces$ingredients],1
[wls ta],1
[word list],2
[work activities],3
[work code],3
[work codes],3
[work date],1
[work details],6
[work info],5
[work order notes],1
[work order status],1
[work order],1
[work orders],3
[work records],2
[work sale],2
[worked time],1
[worker listing],1
[worker-detail-12312018],1
[worker-detail-12312019],1
[workers per company],3
[working codes],2
[works instruction record$],1
[worksheet1$a1:c10],1
[worldcheck master],4
[wound management],2
[wound type],2
[wvwc data cube froi sroi],1
[x limited$item ledger entry],11
[x limited$value entry],2
[x-error_table],1
[x_ primary _phys_id],1
[x_ referring_phys_id],1
[xls$item ledger entry],1
[xls$xls calendar],4
[xt-cs],1
[xx2 sectors],1
[xx\xx],1
[xxx-document-db],1
[xxx-xxx\xx_xx],1
[xxx10_2006-2010],3
[xxx10data_2001-2005],3
[xxx9_data_1993-1996],3
[xxx9_data_1997-2000],3
[xxxlong_1993-1996],5
[xxxlong_1997-2000],5
[xxxlong_2001-2005],5
[xxxlong_2006-2010],5
[xxxxxxxxxxxx $ledger entries],1
[xyz$item ledger entry],2
[xyz$permanent assignments],1
[y summary],3
[year -  quarter -  month],1
[year 1 costs],1
[year month],1
[year of release],1
[year-month-day],1
[year-month],1
[yearly pv],1
[ying date table],2
[yk capp],2
[yoga-session],2
[your cube],1
[your mom],1
[your query],1
[ytd leavers],3
[ytd-daily_report],2
[yugioh-cards],1
[yugioh-users],1
[yugioh-vdecks],1
[z market table],5
[z service codes new],2
[zenon data$final quality control],14
[zenon data$item],3
[zenon data$production entry],2
[zim phase 3 - combo of phases 1 - 3 _ 6 aug for sql master],2
[zip code count],3
[zip code list for template$],1
[zip code list],2
[zip code],1
